"id","timestamp","temperature","humidity","light","pm2_5","frc","current_speed","free_flow_speed","current_travel_time","free_flow_travel_time","confidence"
"1","2025-03-29 13:17:54","33","59","2050.44","52","FRC2","51","65","557","437","1"
"2","2025-03-29 13:17:54","33","59","2050.44","52","FRC2","51","65","557","437","1"
"3","2025-03-29 13:18:06","33","59","1981.78","52","FRC2","52","66","546","430","1"
"4","2025-03-29 13:28:51","33","59","1743.55","52","FRC2","48","66","591","430","1"
"5","2025-03-29 13:28:41","33","59","1743.55","52","FRC2","48","66","591","430","1"
"6","2025-03-29 13:28:30","33","59","1743.55","52","FRC2","48","66","591","430","1"
"7","2025-03-29 13:28:20","33","59","1783.68","52","FRC2","48","66","591","430","1"
"8","2025-03-29 13:28:51","33","59","1743.55","52","FRC2","48","66","591","430","1"
"9","2025-03-29 13:28:41","33","59","1743.55","52","FRC2","48","66","591","430","1"
"10","2025-03-29 13:28:30","33","59","1743.55","52","FRC2","48","66","591","430","1"
"11","2025-03-29 13:28:20","33","59","1783.68","52","FRC2","48","66","591","430","1"
"12","2025-03-29 13:28:51","33","59","1743.55","52","FRC2","48","66","591","430","1"
"13","2025-03-29 13:28:41","33","59","1743.55","52","FRC2","48","66","591","430","1"
"14","2025-03-29 13:28:30","33","59","1743.55","52","FRC2","48","66","591","430","1"
"15","2025-03-29 13:28:20","33","59","1783.68","52","FRC2","48","66","591","430","1"
"16","2025-03-29 13:28:51","33","59","1743.55","52","FRC2","48","66","591","430","1"
"17","2025-03-29 13:28:41","33","59","1743.55","52","FRC2","48","66","591","430","1"
"18","2025-03-29 13:28:30","33","59","1743.55","52","FRC2","48","66","591","430","1"
"19","2025-03-29 13:28:20","33","59","1783.68","52","FRC2","48","66","591","430","1"
"20","2025-03-29 13:28:51","33","59","1743.55","52","FRC2","48","65","591","437","1"
"21","2025-03-29 13:28:41","33","59","1743.55","52","FRC2","48","65","591","437","1"
"22","2025-03-29 13:28:30","33","59","1743.55","52","FRC2","48","65","591","437","1"
"23","2025-03-29 13:28:20","33","59","1783.68","52","FRC2","48","65","591","437","1"
"24","2025-03-29 13:29:32","33","59","1794.05","50","FRC2","48","65","591","437","1"
"25","2025-03-29 13:29:21","33","59","1753.38","52","FRC2","48","65","591","437","1"
"26","2025-03-29 13:29:11","33","59","1753.38","51","FRC2","48","65","591","437","1"
"27","2025-03-29 13:29:01","33","59","1743.55","52","FRC2","48","65","591","437","1"
"28","2025-03-29 13:29:32","33","59","1794.05","50","FRC2","48","65","591","437","1"
"29","2025-03-29 13:29:21","33","59","1753.38","52","FRC2","48","65","591","437","1"
"30","2025-03-29 13:29:11","33","59","1753.38","51","FRC2","48","65","591","437","1"
"31","2025-03-29 13:29:01","33","59","1743.55","52","FRC2","48","65","591","437","1"
"32","2025-03-29 13:29:32","33","59","1794.05","50","FRC2","48","65","591","437","1"
"33","2025-03-29 13:29:21","33","59","1753.38","52","FRC2","48","65","591","437","1"
"34","2025-03-29 13:29:11","33","59","1753.38","51","FRC2","48","65","591","437","1"
"35","2025-03-29 13:29:01","33","59","1743.55","52","FRC2","48","65","591","437","1"
"36","2025-03-29 13:29:32","33","59","1794.05","50","FRC2","48","66","591","430","1"
"37","2025-03-29 13:29:21","33","59","1753.38","52","FRC2","48","66","591","430","1"
"38","2025-03-29 13:29:11","33","59","1753.38","51","FRC2","48","66","591","430","1"
"39","2025-03-29 13:29:01","33","59","1743.55","52","FRC2","48","66","591","430","1"
"40","2025-03-29 13:48:24","30","50","1271.27","0","FRC2","47","66","604","430","1"
"41","2025-03-29 14:15:35","37","48","1239.31","49","FRC2","49","66","579","430","1"
"42","2025-03-29 14:15:27","36","49","1252.78","0","FRC2","49","66","579","430","1"
"43","2025-03-29 14:15:35","37","48","1239.31","49","FRC2","49","66","579","430","1"
"44","2025-03-29 14:15:27","36","49","1252.78","0","FRC2","49","66","579","430","1"
"45","2025-03-29 14:47:37","40","41","1295.27","48","FRC2","48","66","591","430","1"
"46","2025-03-29 14:47:24","37","47","1305.17","0","FRC2","48","66","591","430","1"
"47","2025-03-29 14:47:37","40","41","1295.27","48","FRC2","50","65","568","437","1"
"48","2025-03-29 14:47:24","37","47","1305.17","0","FRC2","50","65","568","437","1"
"49","2025-03-29 18:25:40","32","61","99.37","0","FRC2","44","66","645","430","1"
"50","2025-03-29 18:30:40","34","58","92.23","50","FRC2","45","65","631","437","1"
"51","2025-03-29 18:35:40","36","49","89.62","50","FRC2","49","65","579","437","1"
"52","2025-03-29 18:40:40","36","48","87.12","49","FRC2","44","65","645","437","1"
"53","2025-03-29 18:45:41","36","47","85.35","49","FRC2","48","66","591","430","1"
"54","2025-03-29 18:50:41","36","47","84.86","51","FRC2","47","66","604","430","1"
"55","2025-03-30 11:04:13","29","78","669.05","0","FRC2","66","66","430","430","1"
"56","2025-03-30 11:09:13","31","74","447.79","46","FRC2","66","66","430","430","1"
"57","2025-03-30 11:14:13","32","70","550.91","46","FRC2","66","66","430","430","1"
"58","2025-03-30 11:19:13","32","70","728.86","46","FRC2","66","66","430","430","1"
"59","2025-03-30 11:24:14","32","71","845.82","46","FRC2","66","66","430","430","1"
"60","2025-03-30 11:29:14","32","71","789.87","45","FRC2","66","66","430","430","1"
"61","2025-03-30 11:34:14","32","72","859.24","45","FRC2","50","65","568","437","1"
"62","2025-03-30 11:39:15","32","72","845.82","45","FRC2","50","65","568","437","1"
"63","2025-03-30 14:05:17","29","69","90.06","0","FRC2","48","65","591","437","1"
"64","2025-03-30 14:10:17","29","71","89.98","39","FRC2","47","65","604","437","1"
"65","2025-03-30 14:15:17","29","75","90.42","39","FRC2","47","66","604","430","1"
"66","2025-03-30 14:20:17","29","76","91.87","39","FRC2","49","66","579","430","1"
"67","2025-03-30 14:25:18","29","78","93.55","40","FRC2","48","65","591","437","1"
"68","2025-03-30 14:40:22","30","78","97.19","0","FRC2","48","66","591","430","1"
"69","2025-03-31 07:53:39","28","84","113.48","0","FRC2","44","65","645","437","1"
"70","2025-03-31 07:58:39","28","80","113.32","52","FRC2","42","65","676","437","1"
"71","2025-03-31 08:03:39","28","82","108.15","51","FRC2","43","65","660","437","1"
"72","2025-03-31 08:08:40","28","82","110.87","51","FRC2","43","65","660","437","1"
"73","2025-03-31 08:13:40","28","83","113.23","51","FRC2","41","65","692","437","1"
"74","2025-03-31 08:32:00","28","84","106.96","48","FRC2","44","65","645","437","1"
"75","2025-03-31 08:37:00","28","84","105.54","48","FRC2","43","65","660","437","1"
"76","2025-03-31 08:42:39","28","84","96.74","53","FRC2","43","66","660","430","1"
"77","2025-03-31 08:47:40","29","82","101.97","51","FRC2","44","65","645","437","1"
"78","2025-03-31 08:52:40","29","84","108.22","53","FRC2","42","65","676","437","1"
"79","2025-03-31 08:57:40","29","85","117.38","52","FRC2","43","66","660","430","1"
"80","2025-03-31 09:02:40","29","85","117.64","52","FRC2","47","65","604","437","1"
"81","2025-03-31 09:07:41","29","85","114.8","52","FRC2","42","65","676","437","1"
"82","2025-03-31 09:12:41","29","86","119.5","52","FRC2","44","65","645","437","1"
"83","2025-03-31 09:17:41","29","86","116.29","52","FRC2","45","65","631","437","1"
"84","2025-03-31 09:22:41","29","86","104.83","53","FRC2","44","65","645","437","1"
"85","2025-03-31 09:27:42","29","86","103.28","0","FRC2","44","65","645","437","1"
"86","2025-04-01 13:08:12","30","72","441.28","0","FRC2","66","66","430","430","1"
"87","2025-04-01 13:13:12","30","71","825.64","43","FRC2","54","65","526","437","1"
"88","2025-04-01 13:18:12","32","64","902.46","43","FRC2","53","65","536","437","1"
"89","2025-04-01 13:23:13","32","63","920.22","44","FRC2","54","66","526","430","1"
"90","2025-04-01 13:28:13","32","63","970.76","44","FRC2","53","65","536","437","1"
"91","2025-04-01 13:33:13","32","62","920.22","43","FRC2","66","66","430","430","1"
"92","2025-04-01 13:38:13","32","62","927.08","43","FRC2","66","66","430","430","1"
"93","2025-04-01 13:43:14","33","63","902.46","42","FRC2","66","66","430","430","1"
"94","2025-04-01 13:48:14","33","62","859.24","42","FRC2","52","66","546","430","1"
"95","2025-04-01 13:53:14","33","61","836.51","0","FRC2","47","65","604","437","1"
"96","2025-04-01 13:58:14","33","60","889.63","0","FRC2","53","65","536","437","1"
"97","2025-04-01 14:03:15","33","61","936.4","0","FRC2","52","66","546","430","1"
"98","2025-04-01 17:30:44","24","73","99.22","0","FRC2","35","65","811","437","1"
"99","2025-04-01 17:35:45","27","81","135.95","61","FRC2","37","65","767","437","1"
"100","2025-04-01 17:40:45","32","63","128.32","64","FRC2","31","65","916","437","1"
"101","2025-04-01 17:45:45","32","62","118.31","65","FRC2","34","65","835","437","1"
"102","2025-04-01 17:50:45","32","62","111.85","64","FRC2","33","65","860","437","1"
"103","2025-04-01 17:55:46","32","64","106.96","66","FRC2","35","66","811","430","1"
"104","2025-04-01 18:00:46","32","64","104.83","66","FRC2","35","65","811","437","1"
"105","2025-04-01 18:05:46","32","64","104.91","69","FRC2","39","65","728","437","1"
"106","2025-04-01 18:10:46","32","64","100.97","67","FRC2","43","65","660","437","1"
"107","2025-04-01 18:19:17","32","64","94.81","56","FRC2","41","65","692","437","1"
"108","2025-04-01 18:24:18","32","64","98.01","56","FRC2","44","65","645","437","1"
"109","2025-04-01 18:29:18","32","63","95.84","57","FRC2","41","65","692","437","1"
"110","2025-04-01 18:34:18","32","63","94.73","57","FRC2","45","66","631","430","1"
"111","2025-04-01 18:39:18","32","63","94.36","58","FRC2","52","65","546","437","1"
"112","2025-04-01 18:44:19","32","64","94.36","58","FRC2","49","66","579","430","1"
"113","2025-04-01 18:49:19","32","64","94.21","56","FRC2","50","66","568","430","1"
"114","2025-04-01 18:54:19","32","64","94.51","56","FRC2","49","66","579","430","1"
"115","2025-04-01 18:59:20","32","64","93.99","55","FRC2","50","66","568","430","1"
"116","2025-04-01 19:04:20","32","64","94.21","0","FRC2","50","66","568","430","1"
"117","2025-04-01 19:09:20","32","64","93.99","0","FRC2","52","66","546","430","1"
"118","2025-04-01 19:19:21","32","64","100.05","0","FRC2","50","65","568","437","1"
"119","2025-04-01 19:20:25","32","64","99.9","0","FRC2","49","65","579","437","1"
"120","2025-04-01 19:25:25","32","64","99.3","47","FRC2","51","65","557","437","1"
"121","2025-04-01 19:30:25","32","65","99.3","47","FRC2","47","65","604","437","1"
"122","2025-04-01 19:35:25","32","65","99.45","47","FRC2","45","65","631","437","1"
"123","2025-04-01 19:40:26","32","65","100.97","48","FRC2","49","65","579","437","1"
"124","2025-04-01 19:45:26","32","65","99.45","48","FRC2","47","65","604","437","1"
"125","2025-04-01 19:55:27","32","66","100.74","49","FRC2","55","65","516","437","1"
"126","2025-04-01 20:00:27","32","66","99.9","51","FRC2","49","65","579","437","1"
"127","2025-04-02 22:27:15","32","71","93.55","36","FRC2","66","66","430","430","1"
"128","2025-04-02 22:32:15","32","64","84.79","36","FRC2","66","66","430","430","1"
"129","2025-04-02 22:37:15","32","64","84.86","35","FRC2","66","66","430","430","1"
"130","2025-04-02 22:42:15","32","64","94.51","35","FRC2","66","66","430","430","1"
"131","2025-04-02 22:47:16","32","63","84.5","36","FRC2","66","66","430","430","1"
"132","2025-04-02 22:52:16","32","63","84.86","37","FRC2","66","66","430","430","1"
"133","2025-04-02 22:57:16","32","63","84.79","37","FRC2","66","66","430","430","1"
"134","2025-04-02 23:02:17","32","63","84.86","37","FRC2","66","66","430","430","1"
"135","2025-04-02 23:07:17","32","63","85.07","37","FRC2","66","66","430","430","1"
"136","2025-04-02 23:12:17","32","63","84.71","0","FRC2","66","66","430","430","1"
"137","2025-04-02 23:17:17","32","64","84.79","0","FRC2","66","66","430","430","1"
"138","2025-04-02 23:22:18","32","64","85.35","0","FRC2","66","66","430","430","1"
"139","2025-04-02 23:27:18","32","64","84.79","0","FRC2","66","66","430","430","1"
"140","2025-04-02 23:32:18","32","64","84.86","0","FRC2","66","66","430","430","1"
"141","2025-04-02 23:37:19","32","65","84.71","0","FRC2","66","66","430","430","1"
"142","2025-04-02 23:42:19","32","65","84.86","0","FRC2","66","66","430","430","1"
"143","2025-04-02 23:47:19","32","66","85.49","0","FRC2","66","66","430","430","1"
"144","2025-04-02 23:52:19","32","65","85.07","0","FRC2","66","66","430","430","1"
"145","2025-04-02 23:57:20","31","66","85.63","0","FRC2","66","66","430","430","1"
"146","2025-04-03 14:15:17","32","62","201.61","0","FRC2","51","65","557","437","1"
"147","2025-04-03 14:26:55","32","61","144.25","0","FRC2","53","65","536","437","1"
"148","2025-04-03 14:27:45","32","62","141.98","0","FRC2","53","65","536","437","1"
"149","2025-04-03 14:33:36","32","59","192.77","0","FRC2","54","66","526","430","1"
"150","2025-04-03 14:44:57","32","59","176.55","40","FRC2","51","65","557","437","1"
"151","2025-04-03 14:44:22","32","59","177.03","36","FRC2","51","65","557","437","1"
"152","2025-04-03 14:44:57","32","59","176.55","40","FRC2","51","65","557","437","1"
"153","2025-04-03 14:44:22","32","59","177.03","36","FRC2","51","65","557","437","1"
"154","2025-04-03 14:55:00","32","59","174.86","39","FRC2","52","65","546","437","1"
"155","2025-04-03 15:00:01","32","58","167.69","38","FRC2","51","65","557","437","1"
"156","2025-04-03 15:05:02","33","58","172.83","39","FRC2","51","66","557","430","1"
"157","2025-04-03 15:10:04","33","58","172.95","39","FRC2","49","66","579","430","1"
"158","2025-04-03 15:15:05","33","58","162.05","38","FRC2","47","65","604","437","1"
"159","2025-04-03 15:20:06","33","57","157.14","39","FRC2","47","66","604","430","1"
"160","2025-04-03 15:24:07","33","55","162.16","40","FRC2","46","65","617","437","1"
"161","2025-04-03 15:29:09","33","57","156.71","40","FRC2","48","66","591","430","1"
"162","2025-04-03 15:34:10","33","57","154.27","41","FRC2","48","65","591","437","1"
"163","2025-04-03 15:39:11","33","57","152.59","42","FRC2","48","66","591","430","1"
"164","2025-04-03 15:44:12","33","56","151.13","43","FRC2","48","66","591","430","1"
"165","2025-04-03 15:49:14","33","54","150.72","42","FRC2","47","65","604","437","1"
"166","2025-04-03 15:59:16","33","54","153.11","42","FRC2","45","65","631","437","1"
"167","2025-04-03 16:04:18","33","55","147.75","42","FRC2","47","65","604","437","1"
"168","2025-04-03 16:09:19","33","55","141.79","0","FRC2","44","66","645","430","1"
"169","2025-04-03 16:14:20","33","55","134.63","0","FRC2","44","64","645","443","1"
"170","2025-04-03 16:19:22","33","55","137.17","0","FRC2","43","66","660","430","1"
"171","2025-04-03 16:29:23","33","53","133.33","37","FRC2","40","65","710","437","1"
"172","2025-04-03 16:34:25","33","52","128.77","37","FRC2","42","65","676","437","1"
"173","2025-04-03 16:39:26","33","53","126.45","37","FRC2","39","65","728","437","1"
"174","2025-04-03 16:42:15","33","53","123.89","44","FRC2","40","65","710","437","1"
"175","2025-04-03 16:47:21","33","54","1161.1","43","FRC2","34","65","835","437","1"
"176","2025-04-03 16:52:22","34","52","1124.25","42","FRC2","36","65","789","437","1"
"177","2025-04-03 16:57:23","35","49","1086.65","41","FRC2","36","65","789","437","1"
"178","2025-04-03 17:02:25","35","48","1048.72","42","FRC2","35","65","811","437","1"
"179","2025-04-03 17:07:26","35","47","970.76","42","FRC2","36","65","789","437","1"
"180","2025-04-03 17:12:27","35","48","911.24","42","FRC2","35","65","811","437","1"
"181","2025-04-03 17:17:28","35","48","859.24","42","FRC2","33","65","860","437","1"
"182","2025-04-03 17:22:30","35","48","831.04","43","FRC2","32","65","887","437","1"
"183","2025-04-03 17:27:31","35","48","767.84","43","FRC2","34","65","835","437","1"
"184","2025-04-03 17:32:32","35","48","698.84","0","FRC2","32","64","887","443","1"
"185","2025-04-03 17:37:34","35","48","619.67","0","FRC2","31","66","916","430","1"
"186","2025-04-03 17:42:35","35","48","522.7","0","FRC2","29","65","979","437","1"
"187","2025-04-03 17:47:36","35","49","427.84","0","FRC2","30","66","946","430","1"
"188","2025-04-03 17:48:16","35","48","371","41","FRC2","30","66","946","430","1"
"189","2025-04-03 17:53:17","35","49","272.12","40","FRC2","32","66","887","430","1"
"190","2025-04-03 17:58:19","35","48","217.4","41","FRC2","34","65","835","437","1"
"191","2025-04-03 18:03:20","35","48","171.06","41","FRC2","32","65","887","437","1"
"192","2025-04-03 18:08:21","35","47","144.05","42","FRC2","31","65","916","437","1"
"193","2025-04-03 18:38:21","34","51","86.98","48","FRC2","42","65","676","437","1"
"194","2025-04-03 18:43:21","33","52","86.48","48","FRC2","43","65","660","437","1"
"195","2025-04-03 18:48:21","32","54","86.2","48","FRC2","44","65","645","437","1"
"196","2025-04-03 18:53:21","32","56","85.91","48","FRC2","48","66","591","430","1"
"197","2025-04-03 18:58:22","32","57","86.2","47","FRC2","48","65","591","437","1"
"198","2025-04-03 19:03:22","32","60","86.06","47","FRC2","47","65","604","437","1"
"199","2025-04-03 19:08:22","32","61","86.27","47","FRC2","46","64","617","443","1"
"200","2025-04-03 19:18:23","32","64","85.84","48","FRC2","50","65","568","437","1"
"201","2025-04-03 19:40:23","32","64","85.98","37","FRC2","54","65","526","437","1"
"202","2025-04-03 19:45:23","32","65","86.2","37","FRC2","66","66","430","430","1"
"203","2025-04-03 19:50:24","32","65","86.55","37","FRC2","52","65","546","437","1"
"204","2025-04-03 19:55:24","32","65","86.48","37","FRC2","66","66","430","430","1"
"205","2025-04-03 20:05:25","32","65","86.13","39","FRC2","54","65","526","437","1"
"206","2025-04-03 20:10:25","32","65","85.91","38","FRC2","66","66","430","430","1"
"207","2025-04-03 20:15:25","32","65","86.13","38","FRC2","52","66","546","430","1"
"208","2025-04-03 20:20:25","32","65","86.2","39","FRC2","66","66","430","430","1"
"209","2025-04-04 00:32:32","28","76","92.38","17","FRC2","66","66","430","430","1"
"210","2025-04-04 00:37:32","29","75","85.07","17","FRC2","66","66","430","430","1"
"211","2025-04-04 00:42:33","30","69","85.14","16","FRC2","66","66","430","430","1"
"212","2025-04-04 00:47:33","30","68","84.86","16","FRC2","66","66","430","430","1"
"213","2025-04-04 00:52:33","30","68","85.28","15","FRC2","66","66","430","430","1"
"214","2025-04-04 00:57:34","30","68","85.7","15","FRC2","66","66","430","430","1"
"215","2025-04-04 01:02:34","31","69","84.86","13","FRC2","66","66","430","430","1"
"216","2025-04-04 01:07:34","30","68","85.07","13","FRC2","66","66","430","430","1"
"217","2025-04-04 01:12:34","31","69","85","15","FRC2","66","66","430","430","1"
"218","2025-04-04 01:27:16","31","69","84.71","12","FRC2","66","66","430","430","1"
"219","2025-04-04 01:32:17","30","69","84.79","12","FRC2","66","66","430","430","1"
"220","2025-04-04 01:37:17","30","69","85.07","12","FRC2","66","66","430","430","1"
"221","2025-04-04 01:42:17","30","69","84.79","12","FRC2","66","66","430","430","1"
"222","2025-04-04 01:47:18","30","69","84.79","13","FRC2","66","66","430","430","1"
"223","2025-04-04 01:52:18","30","69","84.86","13","FRC2","66","66","430","430","1"
"224","2025-04-04 01:57:18","30","69","84.71","14","FRC2","66","66","430","430","1"
"225","2025-04-04 02:02:18","30","69","84.71","14","FRC2","66","66","430","430","1"
"226","2025-04-04 02:07:19","30","69","84.5","15","FRC2","66","66","430","430","1"
"227","2025-04-04 02:24:06","30","70","86.2","11","FRC2","66","66","430","430","1"
"228","2025-04-04 02:29:06","30","69","85.56","11","FRC2","66","66","430","430","1"
"229","2025-04-04 02:34:07","30","70","85.91","11","FRC2","66","66","430","430","1"
"230","2025-04-04 07:12:48","28","77","202.46","26","FRC2","49","65","579","437","1"
"231","2025-04-04 07:30:03","30","68","332.75","17","FRC2","44","65","645","437","1"
"232","2025-04-04 07:35:04","30","70","374.62","18","FRC2","42","65","676","437","1"
"233","2025-04-04 07:40:04","30","72","467.37","19","FRC2","40","65","710","437","1"
"234","2025-04-04 07:45:04","30","71","536.08","20","FRC2","42","66","676","430","1"
"235","2025-04-04 07:50:05","30","69","587.54","20","FRC2","42","65","676","437","1"
"236","2025-04-04 07:55:05","30","68","603.63","21","FRC2","43","66","660","430","1"
"237","2025-04-04 08:00:05","30","68","658.96","21","FRC2","43","66","660","430","1"
"238","2025-04-04 08:05:05","30","68","677.12","21","FRC2","42","65","676","437","1"
"239","2025-04-04 08:25:38","30","68","727.5","18","FRC2","40","65","710","437","1"
"240","2025-04-04 08:30:38","30","68","798.08","18","FRC2","39","65","728","437","1"
"241","2025-04-04 08:35:39","31","69","796.43","18","FRC2","38","64","747","443","1"
"242","2025-04-04 08:40:39","31","69","822.08","20","FRC2","41","66","692","430","1"
"243","2025-04-04 08:45:39","31","69","875.16","20","FRC2","39","65","728","437","1"
"244","2025-04-04 08:50:39","31","68","857.29","19","FRC2","38","66","747","430","1"
"245","2025-04-04 08:55:40","31","69","842.07","19","FRC2","39","65","728","437","1"
"246","2025-04-04 09:00:40","31","68","859.24","18","FRC2","40","66","710","430","1"
"247","2025-04-04 09:05:40","31","68","877.19","18","FRC2","41","66","692","430","1"
"248","2025-04-04 09:10:40","31","68","891.74","18","FRC2","42","65","676","437","1"
"249","2025-04-04 09:30:17","32","67","981.1","12","FRC2","42","65","676","437","1"
"250","2025-04-04 09:35:17","32","66","895.99","11","FRC2","41","66","692","430","1"
"251","2025-04-04 09:40:17","32","66","883.36","11","FRC2","41","65","692","437","1"
"252","2025-04-04 09:45:18","32","66","857.29","13","FRC2","43","65","660","437","1"
"253","2025-04-04 09:50:18","32","65","869.11","13","FRC2","43","65","660","437","1"
"254","2025-04-04 09:55:18","32","65","965.68","13","FRC2","45","65","631","437","1"
"255","2025-04-04 10:05:19","32","64","1117.2","13","FRC2","45","65","631","437","1"
"256","2025-04-04 10:10:19","32","64","1106.8","13","FRC2","44","65","645","437","1"
"257","2025-04-04 10:29:02","33","64","1164.94","17","FRC2","43","66","660","430","1"
"258","2025-04-04 10:34:02","33","63","1275.99","17","FRC2","43","65","660","437","1"
"259","2025-04-04 16:21:52","32","64","104.05","24","FRC2","35","65","811","437","1"
"260","2025-04-04 16:26:52","32","64","109.02","24","FRC2","35","66","811","430","1"
"261","2025-04-04 16:31:52","32","63","110.87","26","FRC2","34","66","835","430","1"
"262","2025-04-04 16:36:52","33","64","110.87","26","FRC2","30","65","946","437","1"
"263","2025-04-04 16:41:53","33","64","111.68","26","FRC2","31","65","916","437","1"
"264","2025-04-04 16:46:53","33","63","111.68","26","FRC2","29","65","979","437","1"
"265","2025-04-04 16:51:53","33","63","111.76","27","FRC2","29","65","979","437","1"
"266","2025-04-04 16:56:54","33","63","107.19","27","FRC2","27","65","1052","437","1"
"267","2025-04-04 17:01:54","33","63","108.22","28","FRC2","27","66","1052","430","1"
"268","2025-04-04 17:20:14","33","64","106.96","31","FRC2","23","65","1235","437","1"
"269","2025-04-04 17:25:14","33","64","106.64","32","FRC2","24","65","1183","437","1"
"270","2025-04-04 17:30:15","33","64","105.69","32","FRC2","27","66","1052","430","1"
"271","2025-04-04 17:35:15","33","65","105.15","32","FRC2","25","66","1136","430","1"
"272","2025-04-04 17:40:15","33","65","103.12","32","FRC2","25","65","1136","437","1"
"273","2025-04-04 17:45:15","33","65","101.97","31","FRC2","24","66","1183","430","1"
"274","2025-04-04 17:50:16","32","64","99.67","29","FRC2","25","65","1136","437","1"
"275","2025-04-04 18:00:38","32","65","97.26","30","FRC2","24","65","1183","437","1"
"276","2025-04-04 18:05:38","32","66","94.73","30","FRC2","23","63","1235","450","1"
"277","2025-04-04 18:10:39","32","66","93.19","30","FRC2","24","67","1183","424","1"
"278","2025-04-04 18:15:39","32","65","92.16","30","FRC2","24","65","1183","437","1"
"279","2025-04-04 18:20:39","32","66","91.14","30","FRC2","24","65","1183","437","1"
"280","2025-04-04 18:25:40","32","67","90.56","30","FRC2","23","66","1235","430","1"
"281","2025-04-04 18:30:40","32","67","90.06","30","FRC2","23","65","1235","437","1"
"282","2025-04-04 18:35:40","32","67","99.52","30","FRC2","24","65","1183","437","1"
"283","2025-04-04 18:40:40","32","66","98.46","30","FRC2","24","67","1183","424","1"
"284","2025-04-04 18:57:11","32","67","98.24","20","FRC2","27","65","1052","437","1"
"285","2025-04-04 19:02:11","32","67","98.24","20","FRC2","26","65","1092","437","1"
"286","2025-04-04 19:07:12","32","68","98.39","19","FRC2","29","65","979","437","1"
"287","2025-04-04 19:12:12","32","68","98.24","19","FRC2","25","65","1136","437","1"
"288","2025-04-04 19:17:12","32","69","98.46","19","FRC2","26","65","1092","437","1"
"289","2025-04-04 19:22:12","32","69","97.86","19","FRC2","23","66","1235","430","1"
"290","2025-04-05 00:15:23","30","73","90.06","14","FRC2","66","66","430","430","1"
"291","2025-04-05 00:20:23","30","72","85.84","15","FRC2","66","66","430","430","1"
"292","2025-04-05 00:25:24","30","71","85.14","15","FRC2","66","66","430","430","1"
"293","2025-04-05 00:30:24","30","71","85.07","15","FRC2","66","66","430","430","1"
"294","2025-04-05 00:35:24","30","71","84.79","15","FRC2","66","66","430","430","1"
"295","2025-04-05 00:40:25","30","71","84.79","15","FRC2","66","66","430","430","1"
"296","2025-04-05 00:45:25","30","72","84.71","15","FRC2","66","66","430","430","1"
"297","2025-04-05 00:50:25","30","72","84.86","15","FRC2","66","66","430","430","1"
"298","2025-04-05 00:55:25","30","72","85","15","FRC2","66","66","430","430","1"
"299","2025-04-05 01:09:46","30","73","84.86","9","FRC2","66","66","430","430","1"
"300","2025-04-05 01:14:47","30","73","84.64","9","FRC2","66","66","430","430","1"
"301","2025-04-05 01:19:47","30","73","85","9","FRC2","66","66","430","430","1"
"302","2025-04-05 01:24:47","30","73","84.79","10","FRC2","66","66","430","430","1"
"303","2025-04-05 01:29:47","30","73","84.64","10","FRC2","66","66","430","430","1"
"304","2025-04-05 01:34:48","30","74","84.93","10","FRC2","66","66","430","430","1"
"305","2025-04-05 01:39:48","30","74","85","10","FRC2","66","66","430","430","1"
"306","2025-04-05 01:44:48","30","74","84.79","10","FRC2","66","66","430","430","1"
"307","2025-04-05 01:49:49","30","74","84.79","11","FRC2","66","66","430","430","1"
"308","2025-04-05 02:08:16","30","74","84.57","11","FRC2","66","66","430","430","1"
"309","2025-04-05 02:13:16","30","74","84.64","11","FRC2","66","66","430","430","1"
"310","2025-04-05 02:18:16","30","74","84.57","11","FRC2","66","66","430","430","1"
"311","2025-04-05 02:22:23","30","74","86.2","11","FRC2","66","66","430","430","1"
"312","2025-04-05 02:27:23","30","74","86.48","10","FRC2","66","66","430","430","1"
"313","2025-04-05 02:32:23","30","74","85.7","10","FRC2","66","66","430","430","1"
"314","2025-04-05 02:37:24","30","74","85.49","11","FRC2","66","66","430","430","1"
"315","2025-04-05 02:42:24","30","74","85.49","11","FRC2","66","66","430","430","1"
"316","2025-04-05 02:47:24","30","74","85.7","11","FRC2","66","66","430","430","1"
"317","2025-04-05 02:52:25","30","74","85.7","11","FRC2","66","66","430","430","1"
"318","2025-04-05 02:57:25","30","74","85.49","11","FRC2","66","66","430","430","1"
"319","2025-04-05 03:02:14","30","74","92.45","8","FRC2","66","66","430","430","1"
"320","2025-04-05 03:07:14","30","75","92.31","8","FRC2","66","66","430","430","1"
"321","2025-04-05 08:45:25","27","86","922.49","24","FRC2","66","66","430","430","1"
"322","2025-04-05 08:50:25","28","85","859.24","25","FRC2","66","66","430","430","1"
"323","2025-04-05 08:55:25","30","76","891.74","25","FRC2","66","66","430","430","1"
"324","2025-04-05 09:00:26","30","74","811.6","25","FRC2","66","66","430","430","1"
"325","2025-04-05 09:10:26","31","75","751.43","25","FRC2","66","66","430","430","1"
"326","2025-04-05 09:15:27","31","74","804.78","25","FRC2","66","66","430","430","1"
"327","2025-04-05 09:20:27","31","74","748.53","27","FRC2","54","65","526","437","1"
"328","2025-04-05 09:25:27","31","73","711.57","27","FRC2","66","66","430","430","1"
"329","2025-04-05 09:41:16","31","71","898.14","21","FRC2","45","65","631","437","1"
"330","2025-04-05 09:46:17","31","72","913.47","21","FRC2","40","65","710","437","1"
"331","2025-04-05 09:51:17","31","71","931.72","21","FRC2","37","66","767","430","1"
"332","2025-04-05 09:56:17","31","71","751.43","21","FRC2","39","65","728","437","1"
"333","2025-04-05 10:01:17","32","70","820.31","20","FRC2","48","65","591","437","1"
"334","2025-04-05 10:06:18","32","70","829.23","20","FRC2","50","66","568","430","1"
"335","2025-04-05 10:11:18","32","70","902.46","20","FRC2","53","65","536","437","1"
"336","2025-04-05 10:16:18","32","69","983.72","20","FRC2","66","66","430","430","1"
"337","2025-04-05 10:21:14","32","69","160.51","31","FRC2","53","65","536","437","1"
"338","2025-04-05 10:26:15","32","69","164.06","31","FRC2","55","66","516","430","1"
"339","2025-04-05 10:31:15","31","67","174.98","33","FRC2","49","65","579","437","1"
"340","2025-04-05 10:36:15","29","62","130.4","33","FRC2","52","66","546","430","1"
"341","2025-04-05 10:41:15","28","57","125.47","34","FRC2","51","66","557","430","1"
"342","2025-04-05 10:46:16","28","54","137.36","33","FRC2","51","65","557","437","1"
"343","2025-04-05 10:51:16","27","51","122.41","32","FRC2","50","65","568","437","1"
"344","2025-04-05 10:56:16","27","50","169.08","32","FRC2","49","65","579","437","1"
"345","2025-04-05 11:01:17","26","50","173.06","32","FRC2","50","66","568","430","1"
"346","2025-04-05 11:18:25","26","49","162.27","23","FRC2","51","66","557","430","1"
"347","2025-04-05 11:23:26","26","49","164.06","23","FRC2","48","65","591","437","1"
"348","2025-04-05 11:28:26","25","48","145.64","24","FRC2","53","65","536","437","1"
"349","2025-04-05 11:33:26","26","48","163.72","24","FRC2","52","66","546","430","1"
"350","2025-04-05 11:38:26","25","47","159.52","25","FRC2","51","65","557","437","1"
"351","2025-04-05 11:43:27","25","47","123.37","25","FRC2","49","65","579","437","1"
"352","2025-04-05 11:48:27","25","47","165.3","27","FRC2","49","65","579","437","1"
"353","2025-04-05 11:53:27","25","47","126.36","27","FRC2","48","66","591","430","1"
"354","2025-04-05 11:58:28","25","47","122.59","26","FRC2","48","65","591","437","1"
"355","2025-04-05 12:15:15","25","48","152.27","22","FRC2","45","66","631","430","1"
"356","2025-04-05 12:20:15","25","45","122.41","21","FRC2","44","65","645","437","1"
"357","2025-04-05 12:25:15","25","48","130.03","21","FRC2","49","65","579","437","1"
"358","2025-04-05 12:30:16","25","48","130.49","21","FRC2","47","65","604","437","1"
"359","2025-04-05 12:35:16","25","47","123.98","22","FRC2","46","65","617","437","1"
"360","2025-04-05 12:40:16","25","46","128.5","22","FRC2","45","65","631","437","1"
"361","2025-04-05 12:45:16","25","46","125.74","22","FRC2","45","65","631","437","1"
"362","2025-04-05 12:50:17","25","45","160.51","22","FRC2","42","65","676","437","1"
"363","2025-04-05 12:55:17","25","45","154.05","23","FRC2","46","66","617","430","1"
"364","2025-04-05 13:13:00","28","51","451.37","26","FRC2","41","66","692","430","1"
"365","2025-04-05 13:18:00","29","49","503.52","27","FRC2","41","66","692","430","1"
"366","2025-04-05 13:23:01","31","51","978.49","26","FRC2","40","65","710","437","1"
"367","2025-04-05 13:28:01","32","57","550.15","27","FRC2","40","65","710","437","1"
"368","2025-04-05 13:33:01","32","58","948.36","27","FRC2","39","65","728","437","1"
"369","2025-04-05 13:38:01","32","60","904.64","27","FRC2","38","65","747","437","1"
"370","2025-04-05 13:43:02","32","61","917.95","27","FRC2","37","65","767","437","1"
"371","2025-04-05 13:48:02","32","63","895.99","27","FRC2","39","66","728","430","1"
"372","2025-04-05 13:53:02","32","62","703.87","27","FRC2","39","66","728","430","1"
"373","2025-04-05 14:08:10","29","60","161.61","29","FRC2","37","66","767","430","1"
"374","2025-04-05 14:13:10","29","60","163.16","28","FRC2","35","65","811","437","1"
"375","2025-04-05 14:23:10","28","52","159.41","30","FRC2","35","66","811","430","1"
"376","2025-04-05 14:28:11","27","49","156.6","29","FRC2","37","64","767","443","1"
"377","2025-04-05 14:33:11","27","48","157.03","29","FRC2","37","66","767","430","1"
"378","2025-04-05 14:38:11","27","47","154.37","29","FRC2","35","64","811","443","1"
"379","2025-04-05 14:43:12","26","47","124.07","30","FRC2","39","65","728","437","1"
"380","2025-04-05 14:48:12","26","46","150.92","30","FRC2","43","65","660","437","1"
"381","2025-04-05 14:53:17","26","46","127.96","33","FRC2","42","65","676","437","1"
"382","2025-04-05 14:58:17","26","47","145.34","33","FRC2","48","65","591","437","1"
"383","2025-04-05 15:03:18","26","46","124.59","32","FRC2","48","66","591","430","1"
"384","2025-04-05 15:20:08","25","45","137.27","20","FRC2","48","66","591","430","1"
"385","2025-04-05 15:25:08","25","43","136.32","20","FRC2","46","65","617","437","1"
"386","2025-04-05 15:30:08","25","46","134.08","20","FRC2","44","65","645","437","1"
"387","2025-04-05 15:35:08","25","45","134.54","20","FRC2","45","65","631","437","1"
"388","2025-04-05 15:40:09","25","45","131.13","21","FRC2","46","65","617","437","1"
"389","2025-04-05 15:45:09","25","45","115.54","22","FRC2","49","65","579","437","1"
"390","2025-04-05 15:50:09","25","44","132.23","21","FRC2","46","65","617","437","1"
"391","2025-04-05 15:55:10","25","44","132.41","21","FRC2","49","66","579","430","1"
"392","2025-04-05 16:00:10","25","44","131.22","22","FRC2","50","66","568","430","1"
"393","2025-04-05 16:17:23","25","44","124.86","21","FRC2","47","66","604","430","1"
"394","2025-04-05 16:22:23","25","44","129.31","20","FRC2","47","65","604","437","1"
"395","2025-04-05 16:27:23","25","43","128.77","19","FRC2","49","66","579","430","1"
"396","2025-04-05 16:32:23","25","44","125.3","20","FRC2","47","66","604","430","1"
"397","2025-04-05 16:37:24","25","44","126.27","20","FRC2","48","64","591","443","1"
"398","2025-04-05 16:42:24","25","44","125.38","20","FRC2","49","66","579","430","1"
"399","2025-04-05 16:47:24","25","43","123.28","20","FRC2","49","66","579","430","1"
"400","2025-04-05 16:52:25","25","44","122.41","20","FRC2","48","65","591","437","1"
"401","2025-04-05 16:57:25","25","44","121.9","21","FRC2","50","65","568","437","1"
"402","2025-04-05 17:19:04","24","44","115.96","22","FRC2","47","65","604","437","1"
"403","2025-04-05 17:24:04","25","44","114.63","22","FRC2","46","65","617","437","1"
"404","2025-04-05 17:29:18","29","75","179.61","31","FRC2","46","65","617","437","1"
"405","2025-04-05 17:34:18","30","69","157.79","30","FRC2","44","65","645","437","1"
"406","2025-04-05 17:39:19","34","57","148.46","29","FRC2","46","65","617","437","1"
"407","2025-04-05 17:44:19","35","54","140.14","29","FRC2","46","66","617","430","1"
"408","2025-04-05 17:49:19","35","53","131.4","26","FRC2","46","65","617","437","1"
"409","2025-04-05 17:54:19","35","53","120.18","26","FRC2","43","66","660","430","1"
"410","2025-04-05 17:59:20","35","53","113.4","25","FRC2","48","65","591","437","1"
"411","2025-04-05 18:04:20","35","53","105.69","25","FRC2","50","66","568","430","1"
"412","2025-04-05 18:09:20","35","53","100.51","25","FRC2","47","66","604","430","1"
"413","2025-04-05 18:45:00","34","56","84.71","21","FRC2","46","65","617","437","1"
"414","2025-04-05 18:50:00","34","56","84.71","21","FRC2","46","65","617","437","1"
"415","2025-04-05 18:55:00","34","57","85","21","FRC2","47","66","604","430","1"
"416","2025-04-05 19:00:01","34","57","85.63","21","FRC2","47","66","604","430","1"
"417","2025-04-05 19:05:01","34","57","85.56","20","FRC2","50","65","568","437","1"
"418","2025-04-05 19:45:00","33","59","85","16","FRC2","51","65","557","437","1"
"419","2025-04-05 19:50:00","33","59","84.79","17","FRC2","49","65","579","437","1"
"420","2025-04-05 19:55:00","33","60","84.79","17","FRC2","52","66","546","430","1"
"421","2025-04-05 20:05:01","33","60","84.79","17","FRC2","50","65","568","437","1"
"422","2025-04-05 20:25:44","33","60","85.07","17","FRC2","66","66","430","430","1"
"423","2025-04-05 20:30:44","33","61","84.79","17","FRC2","66","66","430","430","1"
"424","2025-04-05 20:35:44","33","62","85.77","17","FRC2","66","66","430","430","1"
"425","2025-04-05 20:40:45","33","63","84.79","16","FRC2","66","66","430","430","1"
"426","2025-04-05 20:45:45","33","63","84.71","16","FRC2","66","66","430","430","1"
"427","2025-04-05 20:50:45","33","63","85","17","FRC2","66","66","430","430","1"
"428","2025-04-05 20:55:46","33","64","85","17","FRC2","66","66","430","430","1"
"429","2025-04-05 21:00:46","33","64","84.71","17","FRC2","66","66","430","430","1"
"430","2025-04-05 21:05:46","33","64","84.71","17","FRC2","66","66","430","430","1"
"431","2025-04-05 21:25:18","33","65","85.56","19","FRC2","66","66","430","430","1"
"432","2025-04-05 21:30:18","32","65","84.71","19","FRC2","66","66","430","430","1"
"433","2025-04-05 21:35:18","32","65","84.79","18","FRC2","66","66","430","430","1"
"434","2025-04-05 21:40:18","32","66","84.64","18","FRC2","66","66","430","430","1"
"435","2025-04-05 21:45:19","32","66","84.79","16","FRC2","66","66","430","430","1"
"436","2025-04-05 21:50:19","32","66","85","16","FRC2","66","66","430","430","1"
"437","2025-04-05 21:55:19","32","65","84.71","17","FRC2","66","66","430","430","1"
"438","2025-04-05 22:00:19","32","65","84.71","17","FRC2","66","66","430","430","1"
"439","2025-04-05 22:05:20","32","66","84.71","16","FRC2","66","66","430","430","1"
"440","2025-04-05 22:19:41","32","66","85.49","19","FRC2","66","66","430","430","1"
"441","2025-04-05 22:24:41","32","66","85.49","19","FRC2","66","66","430","430","1"
"442","2025-04-05 22:29:41","32","66","85.42","19","FRC2","66","66","430","430","1"
"443","2025-04-05 22:34:42","32","65","85.49","19","FRC2","66","66","430","430","1"
"444","2025-04-05 22:39:42","32","66","85.56","19","FRC2","66","66","430","430","1"
"445","2025-04-05 22:44:42","32","64","85.49","19","FRC2","66","66","430","430","1"
"446","2025-04-05 22:49:43","32","65","85.49","19","FRC2","66","66","430","430","1"
"447","2025-04-05 22:54:43","32","65","85.77","18","FRC2","66","66","430","430","1"
"448","2025-04-05 23:09:57","32","65","85.49","18","FRC2","66","66","430","430","1"
"449","2025-04-05 23:14:57","32","66","85.63","18","FRC2","66","66","430","430","1"
"450","2025-04-05 23:19:58","32","66","85.42","18","FRC2","66","66","430","430","1"
"451","2025-04-05 23:24:58","31","67","85.42","18","FRC2","66","66","430","430","1"
"452","2025-04-05 23:29:58","31","66","85.63","17","FRC2","66","66","430","430","1"
"453","2025-04-06 10:44:12","29","77","664.52","27","FRC2","59","65","481","437","1"
"454","2025-04-06 10:49:11","29","75","442.27","27","FRC2","66","66","430","430","1"
"455","2025-04-06 10:54:11","32","67","333.65","28","FRC2","66","66","430","430","1"
"456","2025-04-06 10:59:11","32","67","514.59","30","FRC2","66","66","430","430","1"
"457","2025-04-06 11:04:12","32","65","357.77","30","FRC2","60","66","473","430","1"
"458","2025-04-06 11:09:12","32","64","1048.72","30","FRC2","58","66","489","430","1"
"459","2025-04-06 11:14:12","31","62","920.22","31","FRC2","50","65","568","437","1"
"460","2025-04-06 11:19:13","30","58","1002.53","30","FRC2","53","64","536","443","1"
"461","2025-04-06 11:24:13","30","70","1226.17","31","FRC2","53","66","536","430","1"
"462","2025-04-06 11:37:50","23","53","1230.51","19","FRC2","53","66","536","430","1"
"463","2025-04-06 11:42:50","23","50","1213.34","18","FRC2","53","65","536","437","1"
"464","2025-04-06 11:47:51","23","50","1204.96","16","FRC2","51","66","557","430","1"
"465","2025-04-06 11:52:51","22","50","1200.81","16","FRC2","54","66","526","430","1"
"466","2025-04-06 11:57:51","22","49","1184.56","16","FRC2","53","65","536","437","1"
"467","2025-04-06 12:02:51","22","48","1192.62","15","FRC2","53","66","536","430","1"
"468","2025-04-06 12:07:52","22","47","1217.58","15","FRC2","54","65","526","437","1"
"469","2025-04-06 12:12:52","22","48","1209.13","14","FRC2","54","65","526","437","1"
"470","2025-04-06 12:17:52","22","49","1204.96","14","FRC2","53","66","536","430","1"
"471","2025-04-06 12:23:01","22","49","1204.96","15","FRC2","54","66","526","430","1"
"472","2025-04-06 12:28:01","22","49","1221.86","15","FRC2","53","65","536","437","1"
"473","2025-04-06 12:33:01","21","47","1217.58","15","FRC2","55","66","516","430","1"
"474","2025-04-06 12:49:40","22","49","1295.27","19","FRC2","53","65","536","437","1"
"475","2025-04-06 12:54:40","21","46","1153.51","19","FRC2","50","65","568","437","1"
"476","2025-04-06 12:59:40","24","42","1168.8","18","FRC2","52","66","546","430","1"
"477","2025-04-06 13:04:41","26","41","1164.94","18","FRC2","52","65","546","437","1"
"478","2025-04-06 13:09:41","28","41","1180.58","17","FRC2","55","65","516","437","1"
"479","2025-04-06 13:14:41","29","39","1153.51","17","FRC2","54","66","526","430","1"
"480","2025-04-06 13:19:41","30","39","1209.13","17","FRC2","54","66","526","430","1"
"481","2025-04-06 13:24:42","31","40","136.32","17","FRC2","54","66","526","430","1"
"482","2025-04-06 13:29:42","31","56","173.66","16","FRC2","56","65","507","437","1"
"483","2025-04-06 13:50:16","31","59","158.87","24","FRC2","53","65","536","437","1"
"484","2025-04-06 13:55:16","31","61","157.03","26","FRC2","55","65","516","437","1"
"485","2025-04-06 14:00:16","31","61","156.6","26","FRC2","54","64","526","443","1"
"486","2025-04-06 14:10:17","31","62","164.51","26","FRC2","53","66","536","430","1"
"487","2025-04-06 14:15:17","32","62","166.09","26","FRC2","53","65","536","437","1"
"488","2025-04-06 14:20:17","32","62","162.05","26","FRC2","55","66","516","430","1"
"489","2025-04-06 14:25:18","32","62","163.16","27","FRC2","52","65","546","437","1"
"490","2025-04-06 14:30:18","32","62","160.73","27","FRC2","51","66","557","430","1"
"491","2025-04-06 14:37:26","32","63","153.32","30","FRC2","53","66","536","430","1"
"492","2025-04-06 14:42:27","32","62","152.17","30","FRC2","54","66","526","430","1"
"493","2025-04-06 14:47:27","32","63","150","31","FRC2","56","66","507","430","1"
"494","2025-04-06 14:53:00","32","63","145.64","28","FRC2","54","65","526","437","1"
"495","2025-04-06 14:58:00","32","63","133.7","28","FRC2","52","66","546","430","1"
"496","2025-04-06 15:03:01","32","63","146.34","28","FRC2","51","66","557","430","1"
"497","2025-04-06 15:08:01","30","59","129.76","27","FRC2","51","66","557","430","1"
"498","2025-04-06 15:13:01","29","55","118.22","27","FRC2","51","66","557","430","1"
"499","2025-04-06 15:18:02","29","52","114.14","28","FRC2","52","65","546","437","1"
"500","2025-04-06 15:23:02","28","50","132.59","27","FRC2","48","65","591","437","1"
"501","2025-04-06 15:28:02","28","48","123.11","29","FRC2","50","66","568","430","1"
"502","2025-04-06 15:33:02","27","47","125.56","29","FRC2","52","66","546","430","1"
"503","2025-04-06 15:58:21","26","49","117.38","23","FRC2","52","64","546","443","1"
"504","2025-04-06 16:03:22","26","49","114.47","23","FRC2","53","66","536","430","1"
"505","2025-04-06 16:08:22","26","49","115.63","23","FRC2","53","66","536","430","1"
"506","2025-04-06 16:13:22","26","47","113.15","23","FRC2","54","66","526","430","1"
"507","2025-04-06 16:18:23","26","47","112.99","24","FRC2","50","65","568","437","1"
"508","2025-04-06 16:23:23","26","46","110.87","24","FRC2","49","65","579","437","1"
"509","2025-04-06 17:04:47","33","62","152.06","34","FRC2","50","65","568","437","1"
"510","2025-04-06 17:09:48","34","61","268.92","34","FRC2","46","65","617","437","1"
"511","2025-04-06 17:14:48","36","50","219.28","34","FRC2","44","66","645","430","1"
"512","2025-04-06 17:19:48","36","47","187.22","34","FRC2","44","66","645","430","1"
"513","2025-04-06 17:24:48","37","47","178.01","34","FRC2","45","65","631","437","1"
"514","2025-04-06 17:29:49","37","47","168.84","33","FRC2","43","65","660","437","1"
"515","2025-04-06 17:34:49","37","46","163.5","33","FRC2","44","66","645","430","1"
"516","2025-04-06 17:39:49","37","46","174.62","32","FRC2","44","66","645","430","1"
"517","2025-04-06 17:44:50","37","47","158.65","31","FRC2","43","65","660","437","1"
"518","2025-04-06 18:02:32","37","48","114.96","24","FRC2","44","66","645","430","1"
"519","2025-04-06 18:07:32","36","46","106.56","25","FRC2","45","64","631","443","1"
"520","2025-04-06 18:12:32","36","49","100.74","24","FRC2","46","65","617","437","1"
"521","2025-04-06 18:17:32","36","50","95.25","24","FRC2","46","65","617","437","1"
"522","2025-04-06 18:22:33","36","49","91.58","24","FRC2","46","65","617","437","1"
"523","2025-04-06 18:27:33","36","49","87.55","24","FRC2","46","65","617","437","1"
"524","2025-04-06 18:32:33","36","50","86.41","24","FRC2","46","65","617","437","1"
"525","2025-04-06 18:37:33","36","49","85.49","24","FRC2","47","65","604","437","1"
"526","2025-04-06 18:42:34","36","49","85.07","25","FRC2","46","65","617","437","1"
"527","2025-04-06 18:47:41","36","50","85.49","24","FRC2","50","65","568","437","1"
"528","2025-04-06 18:59:14","35","50","85.07","21","FRC2","50","65","568","437","1"
"529","2025-04-06 19:04:14","35","50","84.71","20","FRC2","49","65","579","437","1"
"530","2025-04-06 19:09:15","35","50","84.64","20","FRC2","66","66","430","430","1"
"531","2025-04-06 19:14:15","35","51","85.77","19","FRC2","66","66","430","430","1"
"532","2025-04-06 19:19:15","35","50","84.71","19","FRC2","66","66","430","430","1"
"533","2025-04-06 19:24:15","35","47","84.79","19","FRC2","66","66","430","430","1"
"534","2025-04-06 19:29:16","35","52","84.86","19","FRC2","66","66","430","430","1"
"535","2025-04-06 19:39:16","35","53","84.64","20","FRC2","54","65","526","437","1"
"536","2025-04-06 20:00:13","34","54","84.71","24","FRC2","66","66","430","430","1"
"537","2025-04-06 20:05:14","34","54","84.71","25","FRC2","66","66","430","430","1"
"538","2025-04-06 20:10:14","34","54","84.71","25","FRC2","66","66","430","430","1"
"539","2025-04-06 20:15:14","34","53","84.57","26","FRC2","66","66","430","430","1"
"540","2025-04-06 20:20:14","34","53","84.86","26","FRC2","66","66","430","430","1"
"541","2025-04-06 20:25:15","34","54","85","25","FRC2","66","66","430","430","1"
"542","2025-04-06 20:30:15","34","54","84.71","25","FRC2","66","66","430","430","1"
"543","2025-04-06 20:35:15","34","54","84.79","25","FRC2","66","66","430","430","1"
"544","2025-04-06 20:40:16","34","55","85.63","25","FRC2","66","66","430","430","1"
"545","2025-04-06 21:01:46","34","56","84.64","25","FRC2","66","66","430","430","1"
"546","2025-04-06 21:06:46","34","56","84.86","25","FRC2","66","66","430","430","1"
"547","2025-04-06 21:11:46","34","57","84.57","25","FRC2","66","66","430","430","1"
"548","2025-04-06 21:16:47","34","57","94.66","25","FRC2","66","66","430","430","1"
"549","2025-04-06 21:21:47","34","58","84.79","24","FRC2","66","66","430","430","1"
"550","2025-04-06 21:26:47","34","57","85.49","24","FRC2","66","66","430","430","1"
"551","2025-04-06 21:31:47","34","57","85.49","24","FRC2","66","66","430","430","1"
"552","2025-04-06 21:36:48","34","57","85.42","24","FRC2","66","66","430","430","1"
"553","2025-04-06 21:41:48","34","56","85.42","24","FRC2","66","66","430","430","1"
"554","2025-04-06 22:13:00","33","53","85.35","25","FRC2","66","66","430","430","1"
"555","2025-04-06 22:18:00","33","54","86.55","25","FRC2","66","66","430","430","1"
"556","2025-04-06 22:23:00","33","56","85.49","24","FRC2","66","66","430","430","1"
"557","2025-04-06 22:28:00","33","56","85.49","24","FRC2","66","66","430","430","1"
"558","2025-04-06 22:33:01","33","56","85.49","25","FRC2","66","66","430","430","1"
"559","2025-04-06 22:38:01","33","56","85.42","25","FRC2","66","66","430","430","1"
"560","2025-04-06 22:43:01","33","57","84.71","23","FRC2","66","66","430","430","1"
"561","2025-04-06 22:52:20","33","58","94.88","22","FRC2","66","66","430","430","1"
"562","2025-04-06 22:57:21","33","59","85.63","22","FRC2","66","66","430","430","1"
"563","2025-04-07 15:48:10","31","72","120.69","41","FRC2","49","66","579","430","1"
"564","2025-04-07 15:53:10","32","70","754.36","41","FRC2","49","66","579","430","1"
"565","2025-04-07 15:58:10","34","61","783.44","41","FRC2","50","65","568","437","1"
"566","2025-04-07 16:03:11","34","59","751.43","41","FRC2","48","65","591","437","1"
"567","2025-04-07 16:08:11","35","58","744.22","41","FRC2","49","66","579","430","1"
"568","2025-04-07 16:13:11","35","58","927.08","41","FRC2","49","65","579","437","1"
"569","2025-04-07 16:18:12","35","57","855.36","40","FRC2","46","66","617","430","1"
"570","2025-04-07 16:23:12","35","56","840.21","42","FRC2","46","66","617","430","1"
"571","2025-04-07 16:28:12","35","56","281.17","41","FRC2","47","65","604","437","1"
"572","2025-04-07 16:48:19","35","55","201.18","38","FRC2","47","65","604","437","1"
"573","2025-04-07 16:53:19","35","56","562.6","38","FRC2","48","65","591","437","1"
"574","2025-04-07 16:58:19","35","56","442.27","38","FRC2","49","65","579","437","1"
"575","2025-04-07 17:03:19","35","56","212.92","37","FRC2","49","66","579","430","1"
"576","2025-04-07 17:08:20","35","56","198.24","37","FRC2","50","65","568","437","1"
"577","2025-04-07 17:13:20","35","56","182.74","37","FRC2","48","65","591","437","1"
"578","2025-04-07 17:23:21","34","56","186.57","38","FRC2","49","65","579","437","1"
"579","2025-04-07 17:28:21","34","57","186.31","36","FRC2","50","65","568","437","1"
"580","2025-04-07 17:53:42","34","56","121.46","34","FRC2","52","66","546","430","1"
"581","2025-04-07 17:58:42","34","57","110.87","34","FRC2","53","65","536","437","1"
"582","2025-04-07 18:03:43","34","57","103.74","35","FRC2","66","66","430","430","1"
"583","2025-04-07 18:08:43","34","57","95.47","35","FRC2","49","65","579","437","1"
"584","2025-04-07 18:13:43","34","57","90.92","35","FRC2","66","66","430","430","1"
"585","2025-04-07 18:18:43","34","58","89.41","35","FRC2","52","65","546","437","1"
"586","2025-04-07 18:23:44","34","53","88.55","35","FRC2","49","65","579","437","1"
"587","2025-04-07 18:28:44","34","54","87.55","35","FRC2","51","66","557","430","1"
"588","2025-04-07 18:33:44","34","56","85.98","35","FRC2","50","65","568","437","1"
"589","2025-04-07 18:57:23","34","55","85.63","29","FRC2","50","66","568","430","1"
"590","2025-04-07 19:02:23","34","57","84.64","29","FRC2","53","65","536","437","1"
"591","2025-04-07 19:07:24","34","58","84.71","29","FRC2","66","66","430","430","1"
"592","2025-04-07 19:12:24","34","58","84.57","30","FRC2","66","66","430","430","1"
"593","2025-04-07 19:17:24","34","59","84.79","29","FRC2","66","66","430","430","1"
"594","2025-04-07 19:22:24","33","59","84.71","29","FRC2","66","66","430","430","1"
"595","2025-04-07 19:27:25","33","60","85.14","29","FRC2","66","66","430","430","1"
"596","2025-04-07 19:32:25","33","59","84.86","28","FRC2","66","66","430","430","1"
"597","2025-04-07 19:37:25","33","61","84.79","28","FRC2","66","66","430","430","1"
"598","2025-04-07 20:00:13","33","64","84.64","30","FRC2","66","66","430","430","1"
"599","2025-04-07 20:05:13","33","66","84.79","30","FRC2","66","66","430","430","1"
"600","2025-04-07 20:10:13","33","65","85","30","FRC2","66","66","430","430","1"
"601","2025-04-07 20:20:14","33","65","84.86","28","FRC2","66","66","430","430","1"
"602","2025-04-07 20:25:14","33","65","84.86","29","FRC2","66","66","430","430","1"
"603","2025-04-07 20:30:15","33","65","84.79","30","FRC2","66","66","430","430","1"
"604","2025-04-07 20:35:15","33","65","84.86","30","FRC2","66","66","430","430","1"
"605","2025-04-07 20:40:15","33","65","84.57","30","FRC2","66","66","430","430","1"
"606","2025-04-07 21:02:36","33","65","84.71","28","FRC2","66","66","430","430","1"
"607","2025-04-07 21:07:37","33","65","84.5","27","FRC2","66","66","430","430","1"
"608","2025-04-07 21:12:37","33","66","84.79","27","FRC2","66","66","430","430","1"
"609","2025-04-07 21:17:37","33","66","85.49","28","FRC2","66","66","430","430","1"
"610","2025-04-07 21:27:38","33","66","85.98","28","FRC2","66","66","430","430","1"
"611","2025-04-09 04:29:51","29","61","93.85","13","FRC4","54","54","660","660","1"
"612","2025-04-09 04:34:51","29","61","88.4","13","FRC4","54","54","660","660","1"
"613","2025-04-09 04:39:52","30","75","92.89","13","FRC4","54","54","660","660","1"
"614","2025-04-09 04:44:52","30","75","82.62","13","FRC4","54","54","660","660","1"
"615","2025-04-09 04:49:52","31","75","82.55","13","FRC4","54","54","660","660","1"
"616","2025-04-09 04:54:53","31","75","82.62","13","FRC4","54","54","660","660","1"
"617","2025-04-09 04:59:53","31","74","82.82","13","FRC4","54","54","660","660","1"
"618","2025-04-09 05:04:53","31","74","82.76","13","FRC4","54","54","660","660","1"
"619","2025-04-09 05:09:53","31","74","82.76","13","FRC4","54","54","660","660","1"
"620","2025-04-09 05:30:15","31","73","82.62","32","FRC4","54","54","660","660","1"
"621","2025-04-09 05:35:15","31","73","82.62","31","FRC4","54","54","660","660","1"
"622","2025-04-09 05:40:16","32","73","82.82","32","FRC4","54","54","660","660","1"
"623","2025-04-09 05:45:16","32","73","82.55","32","FRC4","54","54","660","660","1"
"624","2025-04-09 05:50:16","31","74","82.48","32","FRC4","54","54","660","660","1"
"625","2025-04-09 05:55:16","31","74","82.55","33","FRC4","54","54","660","660","1"
"626","2025-04-09 06:00:17","31","74","82.96","32","FRC4","54","54","660","660","1"
"627","2025-04-09 06:05:17","31","74","82.76","32","FRC4","54","54","660","660","1"
"628","2025-04-09 06:10:17","31","74","82.34","32","FRC4","54","54","660","660","1"
"629","2025-04-09 06:34:30","31","74","83.38","33","FRC4","54","54","660","660","1"
"630","2025-04-09 06:39:30","31","75","83.24","32","FRC4","54","54","660","660","1"
"631","2025-04-09 06:44:31","31","75","83.59","32","FRC4","54","54","660","660","1"
"632","2025-04-09 06:49:31","31","75","83.94","32","FRC4","54","54","660","660","1"
"633","2025-04-09 06:54:31","31","75","84.43","33","FRC4","54","54","660","660","1"
"634","2025-04-09 06:59:32","31","75","85.14","32","FRC4","54","54","660","660","1"
"635","2025-04-09 07:04:32","31","76","85.42","32","FRC4","54","54","660","660","1"
"636","2025-04-09 07:09:32","31","76","85.7","32","FRC4","54","54","660","660","1"
"637","2025-04-09 07:14:32","31","76","85.63","32","FRC4","54","54","660","660","1"
"638","2025-04-09 07:39:48","31","76","86.48","38","FRC4","48","53","743","673","0.999581"
"639","2025-04-09 07:44:48","31","77","86.76","36","FRC4","47","54","759","660","0.996992"
"640","2025-04-09 07:49:48","31","77","87.26","36","FRC4","50","54","713","660","0.997951"
"641","2025-04-09 07:54:48","31","76","87.62","36","FRC4","54","54","660","660","1"
"642","2025-04-09 07:59:49","31","76","87.55","36","FRC4","48","54","743","660","1"
"643","2025-04-09 08:04:49","31","76","87.83","36","FRC4","49","55","728","648","1"
"644","2025-04-09 08:09:49","31","76","87.83","36","FRC4","54","54","660","660","1"
"645","2025-04-09 08:14:50","31","76","88.4","35","FRC4","54","54","660","660","1"
"646","2025-04-09 08:19:50","31","75","88.05","35","FRC4","54","54","660","660","1"
"647","2025-04-09 08:44:44","31","75","89.62","31","FRC4","54","54","660","660","1"
"648","2025-04-09 08:49:44","31","73","89.55","30","FRC4","54","54","660","660","1"
"649","2025-04-09 08:54:44","31","73","87.33","30","FRC4","47","53","759","673","0.999928"
"650","2025-04-09 08:59:45","31","73","89.77","30","FRC4","54","54","660","660","1"
"651","2025-04-09 09:04:45","31","73","87.62","30","FRC4","47","54","759","660","1"
"652","2025-04-09 09:09:45","31","73","86.98","30","FRC4","54","54","660","660","1"
"653","2025-04-09 09:14:46","31","72","90.27","30","FRC4","54","54","660","660","1"
"654","2025-04-09 09:19:46","31","72","90.27","28","FRC4","54","54","660","660","1"
"655","2025-04-09 09:24:46","31","72","91.07","28","FRC4","54","54","660","660","1"
"656","2025-04-09 09:48:30","31","71","91.87","29","FRC4","54","54","660","660","1"
"657","2025-04-09 09:53:30","31","70","91.8","30","FRC4","54","54","660","660","1"
"658","2025-04-09 09:58:30","31","70","91.72","30","FRC4","48","54","743","660","1"
"659","2025-04-09 10:03:31","31","70","87.76","30","FRC4","50","55","713","648","1"
"660","2025-04-09 10:08:31","32","70","92.53","30","FRC4","48","55","743","648","0.999105"
"661","2025-04-09 10:13:31","32","70","92.38","30","FRC4","48","55","743","648","1"
"662","2025-04-09 10:18:31","32","69","93.77","30","FRC4","48","54","743","660","1"
"663","2025-04-09 10:23:32","32","69","92.38","30","FRC4","48","55","743","648","1"
"664","2025-04-09 10:28:32","32","69","93.63","30","FRC4","44","54","811","660","1"
"665","2025-04-09 10:54:33","32","68","96.14","35","FRC4","49","55","728","648","1"
"666","2025-04-09 10:59:33","32","67","97.56","36","FRC4","47","54","759","660","1"
"667","2025-04-09 11:04:33","32","67","97.49","35","FRC4","46","54","775","660","1"
"668","2025-04-09 11:09:33","32","68","99.52","35","FRC4","47","54","759","660","1"
"669","2025-04-09 11:14:34","32","67","90.56","35","FRC4","46","55","775","648","1"
"670","2025-04-09 11:19:34","32","67","98.99","34","FRC4","45","55","793","648","1"
"671","2025-04-09 11:24:34","32","67","89.05","35","FRC4","47","54","759","660","1"
"672","2025-04-09 11:29:34","32","68","88.4","35","FRC4","46","54","775","660","1"
"673","2025-04-09 11:34:35","32","66","94.95","35","FRC4","49","54","728","660","1"
"674","2025-04-09 12:11:00","32","67","89.05","35","FRC4","45","54","793","660","1"
"675","2025-04-09 12:16:00","32","66","99.45","35","FRC4","46","54","775","660","0.999927"
"676","2025-04-09 12:21:00","32","65","97.49","34","FRC4","47","55","759","648","1"
"677","2025-04-09 12:26:01","32","64","95.77","34","FRC4","45","54","793","660","1"
"678","2025-04-09 12:31:01","32","64","94.29","33","FRC4","49","54","728","660","1"
"679","2025-04-09 12:36:01","32","65","100.44","35","FRC4","46","55","775","648","1"
"680","2025-04-09 12:41:01","32","64","98.99","35","FRC4","43","54","830","660","1"
"681","2025-04-09 13:06:49","32","64","98.31","36","FRC4","46","54","775","660","1"
"682","2025-04-09 13:11:49","33","66","97.79","36","FRC4","54","54","660","660","1"
"683","2025-04-09 13:16:49","33","63","98.31","35","FRC4","47","55","759","648","1"
"684","2025-04-09 13:21:50","33","64","98.31","35","FRC4","45","54","793","660","1"
"685","2025-04-09 13:26:50","33","64","98.09","35","FRC4","45","55","793","648","1"
"686","2025-04-09 13:31:50","33","64","98.09","35","FRC4","45","55","793","648","1"
"687","2025-04-09 13:36:50","33","63","97.11","35","FRC4","45","54","793","660","1"
"688","2025-04-09 13:41:51","33","64","95.25","35","FRC4","42","54","849","660","1"
"689","2025-04-09 13:46:51","33","64","97.41","35","FRC4","42","54","849","660","1"
"690","2025-04-09 14:12:00","33","63","94.73","32","FRC4","44","55","811","648","1"
"691","2025-04-09 14:17:01","33","64","94.58","33","FRC4","46","54","775","660","1"
"692","2025-04-09 14:22:01","33","64","94.07","33","FRC4","42","54","849","660","1"
"693","2025-04-09 14:27:01","33","64","93.99","33","FRC4","44","55","811","648","1"
"694","2025-04-09 14:32:01","33","64","93.63","33","FRC4","48","55","743","648","1"
"695","2025-04-09 14:37:02","33","64","93.77","34","FRC4","43","55","830","648","1"
"696","2025-04-09 14:42:02","33","64","93.77","34","FRC4","44","55","811","648","1"
"697","2025-04-09 14:47:02","33","63","93.26","33","FRC4","40","54","892","660","1"
"698","2025-04-09 14:52:03","33","63","114.8","33","FRC4","42","54","849","660","1"
"699","2025-04-09 14:57:07","33","63","110.87","34","FRC4","42","53","849","673","1"
"700","2025-04-09 15:02:07","33","63","106.72","34","FRC4","43","54","830","660","1"
"701","2025-04-09 15:07:07","33","63","92.6","33","FRC4","44","55","811","648","1"
"702","2025-04-09 15:18:57","33","63","92.38","34","FRC4","44","54","811","660","1"
"703","2025-04-09 15:23:57","33","63","92.02","34","FRC4","44","54","811","660","1"
"704","2025-04-09 15:28:57","33","64","91.94","34","FRC4","44","55","811","648","1"
"705","2025-04-09 15:33:57","33","63","92.02","34","FRC4","43","54","830","660","1"
"706","2025-04-09 15:38:58","33","62","91.87","35","FRC4","46","53","775","673","1"
"707","2025-04-09 15:43:58","33","62","91.72","35","FRC4","45","54","793","660","1"
"708","2025-04-09 15:48:58","33","62","91.65","35","FRC4","46","55","775","648","1"
"709","2025-04-09 15:53:59","33","60","91.87","36","FRC4","45","53","793","673","1"
"710","2025-04-09 16:09:11","33","61","91.29","34","FRC4","44","54","811","660","1"
"711","2025-04-09 16:14:11","33","61","91.36","35","FRC4","47","54","759","660","1"
"712","2025-04-09 16:19:11","33","61","91.14","33","FRC4","46","54","775","660","1"
"713","2025-04-09 16:24:11","33","61","91.29","33","FRC4","46","55","775","648","1"
"714","2025-04-09 16:29:12","33","62","91.22","33","FRC4","46","54","775","660","1"
"715","2025-04-09 16:34:12","33","62","91.14","33","FRC4","47","55","759","648","1"
"716","2025-04-09 16:39:12","33","62","91.07","34","FRC4","43","55","830","648","1"
"717","2025-04-09 16:44:13","33","62","91","35","FRC4","54","54","660","660","1"
"718","2025-04-09 16:49:13","33","62","91.14","36","FRC4","54","54","660","660","1"
"719","2025-04-09 17:14:12","33","60","88.98","35","FRC4","43","54","830","660","1"
"720","2025-04-09 17:19:12","33","58","88.98","35","FRC4","47","55","759","648","1"
"721","2025-04-09 17:24:13","33","60","87.26","35","FRC4","46","55","775","648","1"
"722","2025-04-09 17:29:13","33","60","87.26","34","FRC4","45","54","793","660","1"
"723","2025-04-09 17:34:13","33","60","86.76","34","FRC4","44","54","811","660","1"
"724","2025-04-09 17:39:13","33","60","85.07","34","FRC4","45","54","793","660","1"
"725","2025-04-09 17:44:14","33","60","87.05","35","FRC4","43","54","830","660","1"
