"id","timestamp","frc","current_speed","free_flow_speed","current_travel_time","free_flow_travel_time","confidence"
"1","2025-03-29 13:17:45","FRC2","51","65","557","437","1"
"2","2025-03-29 13:17:55","FRC2","51","65","557","437","1"
"3","2025-03-29 13:18:07","FRC2","52","66","546","430","1"
"4","2025-03-29 13:28:11","FRC2","48","66","591","430","1"
"5","2025-03-29 13:28:21","FRC2","48","66","591","430","1"
"6","2025-03-29 13:28:31","FRC2","48","66","591","430","1"
"7","2025-03-29 13:28:42","FRC2","48","66","591","430","1"
"8","2025-03-29 13:28:52","FRC2","48","65","591","437","1"
"9","2025-03-29 13:29:02","FRC2","48","65","591","437","1"
"10","2025-03-29 13:29:12","FRC2","48","65","591","437","1"
"11","2025-03-29 13:29:23","FRC2","48","65","591","437","1"
"12","2025-03-29 13:29:33","FRC2","48","66","591","430","1"
"13","2025-03-29 13:30:49","FRC2","49","66","579","430","1"
"14","2025-03-29 13:45:00","FRC2","50","64","568","443","1"
"15","2025-03-29 13:48:25","FRC2","47","66","604","430","1"
"16","2025-03-29 14:15:28","FRC2","49","66","579","430","1"
"17","2025-03-29 14:15:36","FRC2","49","66","579","430","1"
"18","2025-03-29 14:47:26","FRC2","48","66","591","430","1"
"19","2025-03-29 14:47:38","FRC2","50","65","568","437","1"
"20","2025-03-29 18:25:41","FRC2","44","66","645","430","1"
"21","2025-03-29 18:30:41","FRC2","45","65","631","437","1"
"22","2025-03-29 18:35:41","FRC2","49","65","579","437","1"
"23","2025-03-29 18:40:42","FRC2","44","65","645","437","1"
"24","2025-03-29 18:45:42","FRC2","48","66","591","430","1"
"25","2025-03-29 18:50:42","FRC2","47","66","604","430","1"
"26","2025-03-30 11:04:14","FRC2","66","66","430","430","1"
"27","2025-03-30 11:09:14","FRC2","66","66","430","430","1"
"28","2025-03-30 11:14:15","FRC2","66","66","430","430","1"
"29","2025-03-30 11:19:15","FRC2","66","66","430","430","1"
"30","2025-03-30 11:24:15","FRC2","66","66","430","430","1"
"31","2025-03-30 11:29:15","FRC2","66","66","430","430","1"
"32","2025-03-30 11:34:16","FRC2","50","65","568","437","1"
"33","2025-03-30 11:39:16","FRC2","50","65","568","437","1"
"34","2025-03-30 14:05:18","FRC2","48","65","591","437","1"
"35","2025-03-30 14:10:18","FRC2","47","65","604","437","1"
"36","2025-03-30 14:15:19","FRC2","47","66","604","430","1"
"37","2025-03-30 14:20:18","FRC2","49","66","579","430","1"
"38","2025-03-30 14:25:19","FRC2","48","65","591","437","1"
"39","2025-03-30 14:40:23","FRC2","48","66","591","430","1"
"40","2025-03-31 07:53:40","FRC2","44","65","645","437","1"
"41","2025-03-31 07:58:41","FRC2","42","65","676","437","1"
"42","2025-03-31 08:03:41","FRC2","43","65","660","437","1"
"43","2025-03-31 08:08:41","FRC2","43","65","660","437","1"
"44","2025-03-31 08:13:41","FRC2","41","65","692","437","1"
"45","2025-03-31 08:32:01","FRC2","44","65","645","437","1"
"46","2025-03-31 08:37:02","FRC2","43","65","660","437","1"
"47","2025-03-31 08:42:41","FRC2","43","66","660","430","1"
"48","2025-03-31 08:47:41","FRC2","44","65","645","437","1"
"49","2025-03-31 08:52:41","FRC2","42","65","676","437","1"
"50","2025-03-31 08:57:41","FRC2","43","66","660","430","1"
"51","2025-03-31 09:02:42","FRC2","47","65","604","437","1"
"52","2025-03-31 09:07:42","FRC2","42","65","676","437","1"
"53","2025-03-31 09:12:42","FRC2","44","65","645","437","1"
"54","2025-03-31 09:17:42","FRC2","45","65","631","437","1"
"55","2025-03-31 09:22:43","FRC2","44","65","645","437","1"
"56","2025-03-31 09:27:43","FRC2","44","65","645","437","1"
"57","2025-04-01 13:08:13","FRC2","66","66","430","430","1"
"58","2025-04-01 13:13:13","FRC2","54","65","526","437","1"
"59","2025-04-01 13:18:13","FRC2","53","65","536","437","1"
"60","2025-04-01 13:23:14","FRC2","54","66","526","430","1"
"61","2025-04-01 13:28:14","FRC2","53","65","536","437","1"
"62","2025-04-01 13:33:14","FRC2","66","66","430","430","1"
"63","2025-04-01 13:38:15","FRC2","66","66","430","430","1"
"64","2025-04-01 13:43:15","FRC2","66","66","430","430","1"
"65","2025-04-01 13:48:15","FRC2","52","66","546","430","1"
"66","2025-04-01 13:53:15","FRC2","47","65","604","437","1"
"67","2025-04-01 13:58:16","FRC2","53","65","536","437","1"
"68","2025-04-01 14:03:16","FRC2","52","66","546","430","1"
"69","2025-04-01 17:30:45","FRC2","35","65","811","437","1"
"70","2025-04-01 17:35:46","FRC2","37","65","767","437","1"
"71","2025-04-01 17:40:46","FRC2","31","65","916","437","1"
"72","2025-04-01 17:45:46","FRC2","34","65","835","437","1"
"73","2025-04-01 17:50:47","FRC2","33","65","860","437","1"
"74","2025-04-01 17:55:47","FRC2","35","66","811","430","1"
"75","2025-04-01 18:00:47","FRC2","35","65","811","437","1"
"76","2025-04-01 18:05:47","FRC2","39","65","728","437","1"
"77","2025-04-01 18:10:48","FRC2","43","65","660","437","1"
"78","2025-04-01 18:19:19","FRC2","41","65","692","437","1"
"79","2025-04-01 18:24:19","FRC2","44","65","645","437","1"
"80","2025-04-01 18:29:19","FRC2","41","65","692","437","1"
"81","2025-04-01 18:34:19","FRC2","45","66","631","430","1"
"82","2025-04-01 18:39:20","FRC2","52","65","546","437","1"
"83","2025-04-01 18:44:20","FRC2","49","66","579","430","1"
"84","2025-04-01 18:49:20","FRC2","50","66","568","430","1"
"85","2025-04-01 18:54:20","FRC2","49","66","579","430","1"
"86","2025-04-01 18:59:21","FRC2","50","66","568","430","1"
"87","2025-04-01 19:04:21","FRC2","50","66","568","430","1"
"88","2025-04-01 19:09:21","FRC2","52","66","546","430","1"
"89","2025-04-01 19:19:22","FRC2","50","65","568","437","1"
"90","2025-04-01 19:20:26","FRC2","49","65","579","437","1"
"91","2025-04-01 19:25:26","FRC2","51","65","557","437","1"
"92","2025-04-01 19:30:27","FRC2","47","65","604","437","1"
"93","2025-04-01 19:35:27","FRC2","45","65","631","437","1"
"94","2025-04-01 19:40:27","FRC2","49","65","579","437","1"
"95","2025-04-01 19:45:27","FRC2","47","65","604","437","1"
"96","2025-04-01 19:55:28","FRC2","55","65","516","437","1"
"97","2025-04-01 20:00:28","FRC2","49","65","579","437","1"
"98","2025-04-01 20:05:29","FRC2","46","65","617","437","1"
"99","2025-04-01 20:10:29","FRC2","66","66","430","430","1"
"100","2025-04-01 20:15:29","FRC2","66","66","430","430","1"
"101","2025-04-01 20:20:29","FRC2","66","66","430","430","1"
"102","2025-04-01 20:25:30","FRC2","66","66","430","430","1"
"103","2025-04-01 20:30:30","FRC2","66","66","430","430","1"
"104","2025-04-01 20:35:30","FRC2","66","66","430","430","1"
"105","2025-04-01 20:40:30","FRC2","66","66","430","430","1"
"106","2025-04-01 20:45:32","FRC2","66","66","430","430","1"
"107","2025-04-01 20:49:15","FRC2","66","66","430","430","1"
"108","2025-04-01 20:54:15","FRC2","66","66","430","430","1"
"109","2025-04-02 00:35:11","FRC2","66","66","430","430","1"
"110","2025-04-02 00:40:12","FRC2","66","66","430","430","1"
"111","2025-04-02 00:45:12","FRC2","66","66","430","430","1"
"112","2025-04-02 00:50:12","FRC2","66","66","430","430","1"
"113","2025-04-02 00:55:12","FRC2","66","66","430","430","1"
"114","2025-04-02 01:00:13","FRC2","66","66","430","430","1"
"115","2025-04-02 01:05:13","FRC2","66","66","430","430","1"
"116","2025-04-02 01:10:13","FRC2","66","66","430","430","1"
"117","2025-04-02 01:15:14","FRC2","66","66","430","430","1"
"118","2025-04-02 01:20:14","FRC2","66","66","430","430","1"
"119","2025-04-02 01:25:14","FRC2","66","66","430","430","1"
"120","2025-04-02 01:30:15","FRC2","66","66","430","430","1"
"121","2025-04-02 01:35:15","FRC2","66","66","430","430","1"
"122","2025-04-02 01:40:15","FRC2","66","66","430","430","1"
"123","2025-04-02 01:45:15","FRC2","66","66","430","430","1"
"124","2025-04-02 01:50:15","FRC2","66","66","430","430","1"
"125","2025-04-02 02:00:16","FRC2","66","66","430","430","1"
"126","2025-04-02 02:05:16","FRC2","66","66","430","430","1"
"127","2025-04-02 02:10:17","FRC2","66","66","430","430","1"
"128","2025-04-02 11:05:30","FRC2","46","66","617","430","1"
"129","2025-04-02 11:10:30","FRC2","49","66","579","430","1"
"130","2025-04-02 11:15:31","FRC2","50","65","568","437","1"
"131","2025-04-02 11:20:31","FRC2","48","65","591","437","1"
"132","2025-04-02 11:25:31","FRC2","50","66","568","430","1"
"133","2025-04-02 11:30:31","FRC2","51","66","557","430","1"
"134","2025-04-02 11:35:32","FRC2","49","65","579","437","1"
"135","2025-04-02 11:40:32","FRC2","48","65","591","437","1"
"136","2025-04-02 11:45:32","FRC2","50","65","568","437","1"
"137","2025-04-02 11:50:33","FRC2","50","65","568","437","1"
"138","2025-04-02 11:55:33","FRC2","51","65","557","437","1"
"139","2025-04-02 12:00:33","FRC2","48","65","591","437","1"
"140","2025-04-02 12:05:33","FRC2","48","65","591","437","1"
"141","2025-04-02 12:10:33","FRC2","50","65","568","437","1"
"142","2025-04-02 12:15:34","FRC2","51","66","557","430","1"
"143","2025-04-02 12:20:34","FRC2","50","66","568","430","1"
"144","2025-04-02 12:25:35","FRC2","51","66","557","430","1"
"145","2025-04-02 12:30:35","FRC2","53","66","536","430","1"
"146","2025-04-02 12:35:35","FRC2","50","66","568","430","1"
"147","2025-04-02 12:40:35","FRC2","49","65","579","437","1"
"148","2025-04-02 12:45:36","FRC2","52","65","546","437","1"
"149","2025-04-02 12:50:36","FRC2","53","66","536","430","1"
"150","2025-04-02 15:57:38","FRC2","46","65","617","437","1"
"151","2025-04-02 16:02:38","FRC2","45","65","631","437","1"
"152","2025-04-02 16:07:38","FRC2","42","66","676","430","1"
"153","2025-04-02 16:12:39","FRC2","41","66","692","430","1"
"154","2025-04-02 16:22:40","FRC2","46","65","617","437","1"
"155","2025-04-02 16:27:39","FRC2","44","66","645","430","1"
"156","2025-04-02 16:32:40","FRC2","43","65","660","437","1"
"157","2025-04-02 16:37:40","FRC2","43","65","660","437","1"
"158","2025-04-02 16:42:40","FRC2","44","65","645","437","1"
"159","2025-04-02 16:47:41","FRC2","42","65","676","437","1"
"160","2025-04-02 16:52:41","FRC2","41","66","692","430","1"
"161","2025-04-02 16:57:41","FRC2","39","66","728","430","1"
"162","2025-04-02 17:02:41","FRC2","38","65","747","437","1"
"163","2025-04-02 17:07:42","FRC2","42","66","676","430","1"
"164","2025-04-02 17:12:42","FRC2","39","65","728","437","1"
"165","2025-04-02 17:17:42","FRC2","39","65","728","437","1"
"166","2025-04-02 17:22:43","FRC2","39","65","728","437","1"
"167","2025-04-02 17:27:43","FRC2","37","65","767","437","1"
"168","2025-04-02 17:32:43","FRC2","38","64","747","443","1"
"169","2025-04-02 17:37:43","FRC2","37","65","767","437","1"
"170","2025-04-02 17:42:44","FRC2","42","65","676","437","1"
"171","2025-04-02 17:47:44","FRC2","38","65","747","437","1"
"172","2025-04-02 17:52:44","FRC2","39","65","728","437","1"
"173","2025-04-02 17:57:44","FRC2","42","65","676","437","1"
"174","2025-04-02 18:02:45","FRC2","47","66","604","430","1"
"175","2025-04-02 18:12:45","FRC2","49","65","579","437","1"
"176","2025-04-02 18:17:46","FRC2","46","65","617","437","1"
"177","2025-04-02 18:22:46","FRC2","49","66","579","430","1"
"178","2025-04-02 18:32:47","FRC2","48","65","591","437","1"
"179","2025-04-02 18:37:47","FRC2","52","65","546","437","1"
"180","2025-04-02 18:42:47","FRC2","52","65","546","437","1"
"181","2025-04-02 18:47:47","FRC2","49","65","579","437","1"
"182","2025-04-02 18:52:48","FRC2","50","65","568","437","1"
"183","2025-04-02 18:57:48","FRC2","51","65","557","437","1"
"184","2025-04-02 19:02:48","FRC2","48","66","591","430","1"
"185","2025-04-02 19:07:48","FRC2","52","64","546","443","1"
"186","2025-04-02 19:12:49","FRC2","66","66","430","430","1"
"187","2025-04-02 19:17:49","FRC2","53","66","536","430","1"
"188","2025-04-02 19:22:49","FRC2","66","66","430","430","1"
"189","2025-04-02 19:27:50","FRC2","66","66","430","430","1"
"190","2025-04-02 19:32:50","FRC2","66","66","430","430","1"
"191","2025-04-02 19:37:50","FRC2","66","66","430","430","1"
"192","2025-04-02 19:42:51","FRC2","50","66","568","430","1"
"193","2025-04-02 19:47:51","FRC2","66","66","430","430","1"
"194","2025-04-02 19:52:51","FRC2","66","66","430","430","1"
"195","2025-04-02 19:57:51","FRC2","66","66","430","430","1"
"196","2025-04-02 20:02:52","FRC2","66","66","430","430","1"
"197","2025-04-02 20:07:52","FRC2","66","66","430","430","1"
"198","2025-04-02 20:17:53","FRC2","66","66","430","430","1"
"199","2025-04-02 20:22:53","FRC2","53","65","536","437","1"
"200","2025-04-02 20:27:53","FRC2","66","66","430","430","1"
"201","2025-04-02 20:32:53","FRC2","66","66","430","430","1"
"202","2025-04-02 20:37:54","FRC2","66","66","430","430","1"
"203","2025-04-02 20:42:54","FRC2","66","66","430","430","1"
"204","2025-04-02 20:47:54","FRC2","66","66","430","430","1"
"205","2025-04-02 20:52:54","FRC2","55","65","516","437","1"
"206","2025-04-02 20:57:55","FRC2","66","66","430","430","1"
"207","2025-04-02 21:02:55","FRC2","66","66","430","430","1"
"208","2025-04-02 21:07:55","FRC2","66","66","430","430","1"
"209","2025-04-02 21:12:55","FRC2","66","66","430","430","1"
"210","2025-04-02 21:17:56","FRC2","66","66","430","430","1"
"211","2025-04-02 21:22:56","FRC2","66","66","430","430","1"
"212","2025-04-02 21:27:56","FRC2","66","66","430","430","1"
"213","2025-04-02 21:34:50","FRC2","66","66","430","430","1"
"214","2025-04-02 21:39:50","FRC2","66","66","430","430","1"
"215","2025-04-02 21:44:51","FRC2","66","66","430","430","1"
"216","2025-04-02 21:49:51","FRC2","66","66","430","430","1"
"217","2025-04-02 21:54:51","FRC2","66","66","430","430","1"
"218","2025-04-02 21:59:52","FRC2","66","66","430","430","1"
"219","2025-04-02 22:04:52","FRC2","66","66","430","430","1"
"220","2025-04-02 22:09:52","FRC2","66","66","430","430","1"
"221","2025-04-02 22:14:52","FRC2","66","66","430","430","1"
"222","2025-04-02 22:19:53","FRC2","66","66","430","430","1"
"223","2025-04-02 22:27:16","FRC2","66","66","430","430","1"
"224","2025-04-02 22:32:16","FRC2","66","66","430","430","1"
"225","2025-04-02 22:37:16","FRC2","66","66","430","430","1"
"226","2025-04-02 22:42:17","FRC2","66","66","430","430","1"
"227","2025-04-02 22:47:17","FRC2","66","66","430","430","1"
"228","2025-04-02 22:52:17","FRC2","66","66","430","430","1"
"229","2025-04-02 22:57:18","FRC2","66","66","430","430","1"
"230","2025-04-02 23:02:18","FRC2","66","66","430","430","1"
"231","2025-04-02 23:07:18","FRC2","66","66","430","430","1"
"232","2025-04-02 23:12:19","FRC2","66","66","430","430","1"
"233","2025-04-02 23:17:19","FRC2","66","66","430","430","1"
"234","2025-04-02 23:22:19","FRC2","66","66","430","430","1"
"235","2025-04-02 23:27:19","FRC2","66","66","430","430","1"
"236","2025-04-02 23:32:19","FRC2","66","66","430","430","1"
"237","2025-04-02 23:37:20","FRC2","66","66","430","430","1"
"238","2025-04-02 23:42:20","FRC2","66","66","430","430","1"
"239","2025-04-02 23:47:20","FRC2","66","66","430","430","1"
"240","2025-04-02 23:52:21","FRC2","66","66","430","430","1"
"241","2025-04-02 23:57:21","FRC2","66","66","430","430","1"
"242","2025-04-03 14:15:18","FRC2","51","65","557","437","1"
"243","2025-04-03 14:26:56","FRC2","53","65","536","437","1"
"244","2025-04-03 14:27:46","FRC2","53","65","536","437","1"
"245","2025-04-03 14:33:38","FRC2","54","66","526","430","1"
"246","2025-04-03 14:44:23","FRC2","51","65","557","437","1"
"247","2025-04-03 14:44:58","FRC2","51","65","557","437","1"
"248","2025-04-03 14:50:00","FRC2","52","66","546","430","1"
"249","2025-04-03 14:55:01","FRC2","52","65","546","437","1"
"250","2025-04-03 15:00:02","FRC2","51","65","557","437","1"
"251","2025-04-03 15:05:04","FRC2","51","66","557","430","1"
"252","2025-04-03 15:10:05","FRC2","49","66","579","430","1"
"253","2025-04-03 15:15:06","FRC2","47","65","604","437","1"
"254","2025-04-03 15:20:07","FRC2","47","66","604","430","1"
"255","2025-04-03 15:24:09","FRC2","46","65","617","437","1"
"256","2025-04-03 15:29:10","FRC2","48","66","591","430","1"
"257","2025-04-03 15:34:11","FRC2","48","65","591","437","1"
"258","2025-04-03 15:39:12","FRC2","48","66","591","430","1"
"259","2025-04-03 15:44:14","FRC2","48","66","591","430","1"
"260","2025-04-03 15:49:15","FRC2","47","65","604","437","1"
"261","2025-04-03 15:59:18","FRC2","45","65","631","437","1"
"262","2025-04-03 16:04:19","FRC2","47","65","604","437","1"
"263","2025-04-03 16:09:20","FRC2","44","66","645","430","1"
"264","2025-04-03 16:14:21","FRC2","44","64","645","443","1"
"265","2025-04-03 16:19:23","FRC2","43","66","660","430","1"
"266","2025-04-03 16:29:25","FRC2","40","65","710","437","1"
"267","2025-04-03 16:34:26","FRC2","42","65","676","437","1"
"268","2025-04-03 16:39:27","FRC2","39","65","728","437","1"
"269","2025-04-03 16:42:16","FRC2","40","65","710","437","1"
"270","2025-04-03 16:47:22","FRC2","34","65","835","437","1"
"271","2025-04-03 16:52:23","FRC2","36","65","789","437","1"
"272","2025-04-03 16:57:25","FRC2","36","65","789","437","1"
"273","2025-04-03 17:02:26","FRC2","35","65","811","437","1"
"274","2025-04-03 17:07:27","FRC2","36","65","789","437","1"
"275","2025-04-03 17:12:28","FRC2","35","65","811","437","1"
"276","2025-04-03 17:17:30","FRC2","33","65","860","437","1"
"277","2025-04-03 17:22:31","FRC2","32","65","887","437","1"
"278","2025-04-03 17:27:32","FRC2","34","65","835","437","1"
"279","2025-04-03 17:32:34","FRC2","32","64","887","443","1"
"280","2025-04-03 17:37:35","FRC2","31","66","916","430","1"
"281","2025-04-03 17:42:36","FRC2","29","65","979","437","1"
"282","2025-04-03 17:47:37","FRC2","30","66","946","430","1"
"283","2025-04-03 17:48:17","FRC2","30","66","946","430","1"
"284","2025-04-03 17:53:19","FRC2","32","66","887","430","1"
"285","2025-04-03 17:58:20","FRC2","34","65","835","437","1"
"286","2025-04-03 18:03:21","FRC2","32","65","887","437","1"
"287","2025-04-03 18:08:22","FRC2","31","65","916","437","1"
"288","2025-04-03 18:38:22","FRC2","42","65","676","437","1"
"289","2025-04-03 18:43:22","FRC2","43","65","660","437","1"
"290","2025-04-03 18:48:23","FRC2","44","65","645","437","1"
"291","2025-04-03 18:53:23","FRC2","48","66","591","430","1"
"292","2025-04-03 18:58:23","FRC2","48","65","591","437","1"
"293","2025-04-03 19:03:23","FRC2","47","65","604","437","1"
"294","2025-04-03 19:08:23","FRC2","46","64","617","443","1"
"295","2025-04-03 19:18:24","FRC2","50","65","568","437","1"
"296","2025-04-03 19:40:24","FRC2","54","65","526","437","1"
"297","2025-04-03 19:45:25","FRC2","66","66","430","430","1"
"298","2025-04-03 19:50:25","FRC2","52","65","546","437","1"
"299","2025-04-03 19:55:25","FRC2","66","66","430","430","1"
"300","2025-04-03 20:05:26","FRC2","54","65","526","437","1"
"301","2025-04-03 20:10:26","FRC2","66","66","430","430","1"
"302","2025-04-03 20:15:26","FRC2","52","66","546","430","1"
"303","2025-04-03 20:20:27","FRC2","66","66","430","430","1"
"304","2025-04-04 00:32:33","FRC2","66","66","430","430","1"
"305","2025-04-04 00:37:34","FRC2","66","66","430","430","1"
"306","2025-04-04 00:42:34","FRC2","66","66","430","430","1"
"307","2025-04-04 00:47:34","FRC2","66","66","430","430","1"
"308","2025-04-04 00:52:34","FRC2","66","66","430","430","1"
"309","2025-04-04 00:57:35","FRC2","66","66","430","430","1"
"310","2025-04-04 01:02:35","FRC2","66","66","430","430","1"
"311","2025-04-04 01:07:35","FRC2","66","66","430","430","1"
"312","2025-04-04 01:12:36","FRC2","66","66","430","430","1"
"313","2025-04-04 01:27:18","FRC2","66","66","430","430","1"
"314","2025-04-04 01:32:18","FRC2","66","66","430","430","1"
"315","2025-04-04 01:37:18","FRC2","66","66","430","430","1"
"316","2025-04-04 01:42:18","FRC2","66","66","430","430","1"
"317","2025-04-04 01:47:19","FRC2","66","66","430","430","1"
"318","2025-04-04 01:52:19","FRC2","66","66","430","430","1"
"319","2025-04-04 01:57:19","FRC2","66","66","430","430","1"
"320","2025-04-04 02:02:20","FRC2","66","66","430","430","1"
"321","2025-04-04 02:07:20","FRC2","66","66","430","430","1"
"322","2025-04-04 02:24:07","FRC2","66","66","430","430","1"
"323","2025-04-04 02:29:08","FRC2","66","66","430","430","1"
"324","2025-04-04 02:34:08","FRC2","66","66","430","430","1"
"325","2025-04-04 07:12:49","FRC2","49","65","579","437","1"
"326","2025-04-04 07:30:05","FRC2","44","65","645","437","1"
"327","2025-04-04 07:35:05","FRC2","42","65","676","437","1"
"328","2025-04-04 07:40:05","FRC2","40","65","710","437","1"
"329","2025-04-04 07:45:05","FRC2","42","66","676","430","1"
"330","2025-04-04 07:50:06","FRC2","42","65","676","437","1"
"331","2025-04-04 07:55:06","FRC2","43","66","660","430","1"
"332","2025-04-04 08:00:06","FRC2","43","66","660","430","1"
"333","2025-04-04 08:05:07","FRC2","42","65","676","437","1"
"334","2025-04-04 08:25:39","FRC2","40","65","710","437","1"
"335","2025-04-04 08:30:39","FRC2","39","65","728","437","1"
"336","2025-04-04 08:35:40","FRC2","38","64","747","443","1"
"337","2025-04-04 08:40:40","FRC2","41","66","692","430","1"
"338","2025-04-04 08:45:40","FRC2","39","65","728","437","1"
"339","2025-04-04 08:50:41","FRC2","38","66","747","430","1"
"340","2025-04-04 08:55:41","FRC2","39","65","728","437","1"
"341","2025-04-04 09:00:41","FRC2","40","66","710","430","1"
"342","2025-04-04 09:05:41","FRC2","41","66","692","430","1"
"343","2025-04-04 09:10:42","FRC2","42","65","676","437","1"
"344","2025-04-04 09:30:18","FRC2","42","65","676","437","1"
"345","2025-04-04 09:35:18","FRC2","41","66","692","430","1"
"346","2025-04-04 09:40:19","FRC2","41","65","692","437","1"
"347","2025-04-04 09:45:19","FRC2","43","65","660","437","1"
"348","2025-04-04 09:50:19","FRC2","43","65","660","437","1"
"349","2025-04-04 09:55:20","FRC2","45","65","631","437","1"
"350","2025-04-04 10:05:20","FRC2","45","65","631","437","1"
"351","2025-04-04 10:10:20","FRC2","44","65","645","437","1"
"352","2025-04-04 10:29:03","FRC2","43","66","660","430","1"
"353","2025-04-04 10:34:04","FRC2","43","65","660","437","1"
"354","2025-04-04 16:21:53","FRC2","35","65","811","437","1"
"355","2025-04-04 16:26:53","FRC2","35","66","811","430","1"
"356","2025-04-04 16:31:54","FRC2","34","66","835","430","1"
"357","2025-04-04 16:36:54","FRC2","30","65","946","437","1"
"358","2025-04-04 16:41:54","FRC2","31","65","916","437","1"
"359","2025-04-04 16:46:54","FRC2","29","65","979","437","1"
"360","2025-04-04 16:51:54","FRC2","29","65","979","437","1"
"361","2025-04-04 16:56:55","FRC2","27","65","1052","437","1"
"362","2025-04-04 17:01:55","FRC2","27","66","1052","430","1"
"363","2025-04-04 17:20:15","FRC2","23","65","1235","437","1"
"364","2025-04-04 17:25:16","FRC2","24","65","1183","437","1"
"365","2025-04-04 17:30:16","FRC2","27","66","1052","430","1"
"366","2025-04-04 17:35:16","FRC2","25","66","1136","430","1"
"367","2025-04-04 17:40:16","FRC2","25","65","1136","437","1"
"368","2025-04-04 17:45:17","FRC2","24","66","1183","430","1"
"369","2025-04-04 17:50:17","FRC2","25","65","1136","437","1"
"370","2025-04-04 18:00:40","FRC2","24","65","1183","437","1"
"371","2025-04-04 18:05:40","FRC2","23","63","1235","450","1"
"372","2025-04-04 18:10:40","FRC2","24","67","1183","424","1"
"373","2025-04-04 18:15:40","FRC2","24","65","1183","437","1"
"374","2025-04-04 18:20:40","FRC2","24","65","1183","437","1"
"375","2025-04-04 18:25:41","FRC2","23","66","1235","430","1"
"376","2025-04-04 18:30:41","FRC2","23","65","1235","437","1"
"377","2025-04-04 18:35:41","FRC2","24","65","1183","437","1"
"378","2025-04-04 18:40:42","FRC2","24","67","1183","424","1"
"379","2025-04-04 18:57:12","FRC2","27","65","1052","437","1"
"380","2025-04-04 19:02:13","FRC2","26","65","1092","437","1"
"381","2025-04-04 19:07:13","FRC2","29","65","979","437","1"
"382","2025-04-04 19:12:13","FRC2","25","65","1136","437","1"
"383","2025-04-04 19:17:13","FRC2","26","65","1092","437","1"
"384","2025-04-04 19:22:14","FRC2","23","66","1235","430","1"
"385","2025-04-05 00:15:25","FRC2","66","66","430","430","1"
"386","2025-04-05 00:20:25","FRC2","66","66","430","430","1"
"387","2025-04-05 00:25:25","FRC2","66","66","430","430","1"
"388","2025-04-05 00:30:25","FRC2","66","66","430","430","1"
"389","2025-04-05 00:35:26","FRC2","66","66","430","430","1"
"390","2025-04-05 00:40:26","FRC2","66","66","430","430","1"
"391","2025-04-05 00:45:26","FRC2","66","66","430","430","1"
"392","2025-04-05 00:50:26","FRC2","66","66","430","430","1"
"393","2025-04-05 00:55:27","FRC2","66","66","430","430","1"
"394","2025-04-05 01:09:48","FRC2","66","66","430","430","1"
"395","2025-04-05 01:14:48","FRC2","66","66","430","430","1"
"396","2025-04-05 01:19:48","FRC2","66","66","430","430","1"
"397","2025-04-05 01:24:48","FRC2","66","66","430","430","1"
"398","2025-04-05 01:29:49","FRC2","66","66","430","430","1"
"399","2025-04-05 01:34:49","FRC2","66","66","430","430","1"
"400","2025-04-05 01:39:49","FRC2","66","66","430","430","1"
"401","2025-04-05 01:44:51","FRC2","66","66","430","430","1"
"402","2025-04-05 01:49:50","FRC2","66","66","430","430","1"
"403","2025-04-05 02:08:17","FRC2","66","66","430","430","1"
"404","2025-04-05 02:13:17","FRC2","66","66","430","430","1"
"405","2025-04-05 02:18:18","FRC2","66","66","430","430","1"
"406","2025-04-05 02:22:24","FRC2","66","66","430","430","1"
"407","2025-04-05 02:27:24","FRC2","66","66","430","430","1"
"408","2025-04-05 02:32:25","FRC2","66","66","430","430","1"
"409","2025-04-05 02:37:25","FRC2","66","66","430","430","1"
"410","2025-04-05 02:42:25","FRC2","66","66","430","430","1"
"411","2025-04-05 02:47:25","FRC2","66","66","430","430","1"
"412","2025-04-05 02:52:26","FRC2","66","66","430","430","1"
"413","2025-04-05 02:57:26","FRC2","66","66","430","430","1"
"414","2025-04-05 03:02:15","FRC2","66","66","430","430","1"
"415","2025-04-05 03:07:16","FRC2","66","66","430","430","1"
"416","2025-04-05 08:45:26","FRC2","66","66","430","430","1"
"417","2025-04-05 08:50:26","FRC2","66","66","430","430","1"
"418","2025-04-05 08:55:26","FRC2","66","66","430","430","1"
"419","2025-04-05 09:00:27","FRC2","66","66","430","430","1"
"420","2025-04-05 09:10:28","FRC2","66","66","430","430","1"
"421","2025-04-05 09:15:28","FRC2","66","66","430","430","1"
"422","2025-04-05 09:20:28","FRC2","54","65","526","437","1"
"423","2025-04-05 09:25:28","FRC2","66","66","430","430","1"
"424","2025-04-05 09:41:18","FRC2","45","65","631","437","1"
"425","2025-04-05 09:46:18","FRC2","40","65","710","437","1"
"426","2025-04-05 09:51:18","FRC2","37","66","767","430","1"
"427","2025-04-05 09:56:19","FRC2","39","65","728","437","1"
"428","2025-04-05 10:01:19","FRC2","48","65","591","437","1"
"429","2025-04-05 10:06:19","FRC2","50","66","568","430","1"
"430","2025-04-05 10:11:19","FRC2","53","65","536","437","1"
"431","2025-04-05 10:16:20","FRC2","66","66","430","430","1"
"432","2025-04-05 10:21:16","FRC2","53","65","536","437","1"
"433","2025-04-05 10:26:16","FRC2","55","66","516","430","1"
"434","2025-04-05 10:31:16","FRC2","49","65","579","437","1"
"435","2025-04-05 10:36:16","FRC2","52","66","546","430","1"
"436","2025-04-05 10:41:17","FRC2","51","66","557","430","1"
"437","2025-04-05 10:46:17","FRC2","51","65","557","437","1"
"438","2025-04-05 10:51:17","FRC2","50","65","568","437","1"
"439","2025-04-05 10:56:17","FRC2","49","65","579","437","1"
"440","2025-04-05 11:01:18","FRC2","50","66","568","430","1"
"441","2025-04-05 11:18:27","FRC2","51","66","557","430","1"
"442","2025-04-05 11:23:27","FRC2","48","65","591","437","1"
"443","2025-04-05 11:28:27","FRC2","53","65","536","437","1"
"444","2025-04-05 11:33:27","FRC2","52","66","546","430","1"
"445","2025-04-05 11:38:28","FRC2","51","65","557","437","1"
"446","2025-04-05 11:43:28","FRC2","49","65","579","437","1"
"447","2025-04-05 11:48:28","FRC2","49","65","579","437","1"
"448","2025-04-05 11:53:29","FRC2","48","66","591","430","1"
"449","2025-04-05 11:58:29","FRC2","48","65","591","437","1"
"450","2025-04-05 12:15:16","FRC2","45","66","631","430","1"
"451","2025-04-05 12:20:16","FRC2","44","65","645","437","1"
"452","2025-04-05 12:25:17","FRC2","49","65","579","437","1"
"453","2025-04-05 12:30:17","FRC2","47","65","604","437","1"
"454","2025-04-05 12:35:17","FRC2","46","65","617","437","1"
"455","2025-04-05 12:40:18","FRC2","45","65","631","437","1"
"456","2025-04-05 12:45:18","FRC2","45","65","631","437","1"
"457","2025-04-05 12:50:18","FRC2","42","65","676","437","1"
"458","2025-04-05 12:55:18","FRC2","46","66","617","430","1"
"459","2025-04-05 13:13:01","FRC2","41","66","692","430","1"
"460","2025-04-05 13:18:01","FRC2","41","66","692","430","1"
"461","2025-04-05 13:23:02","FRC2","40","65","710","437","1"
"462","2025-04-05 13:28:02","FRC2","40","65","710","437","1"
"463","2025-04-05 13:33:02","FRC2","39","65","728","437","1"
"464","2025-04-05 13:38:02","FRC2","38","65","747","437","1"
"465","2025-04-05 13:43:03","FRC2","37","65","767","437","1"
"466","2025-04-05 13:48:03","FRC2","39","66","728","430","1"
"467","2025-04-05 13:53:03","FRC2","39","66","728","430","1"
"468","2025-04-05 14:08:11","FRC2","37","66","767","430","1"
"469","2025-04-05 14:13:11","FRC2","35","65","811","437","1"
"470","2025-04-05 14:23:12","FRC2","35","66","811","430","1"
"471","2025-04-05 14:28:12","FRC2","37","64","767","443","1"
"472","2025-04-05 14:33:12","FRC2","37","66","767","430","1"
"473","2025-04-05 14:38:13","FRC2","35","64","811","443","1"
"474","2025-04-05 14:43:13","FRC2","39","65","728","437","1"
"475","2025-04-05 14:48:13","FRC2","43","65","660","437","1"
"476","2025-04-05 14:53:18","FRC2","42","65","676","437","1"
"477","2025-04-05 14:58:19","FRC2","48","65","591","437","1"
"478","2025-04-05 15:03:19","FRC2","48","66","591","430","1"
"479","2025-04-05 15:20:09","FRC2","48","66","591","430","1"
"480","2025-04-05 15:25:09","FRC2","46","65","617","437","1"
"481","2025-04-05 15:30:10","FRC2","44","65","645","437","1"
"482","2025-04-05 15:35:09","FRC2","45","65","631","437","1"
"483","2025-04-05 15:40:10","FRC2","46","65","617","437","1"
"484","2025-04-05 15:45:10","FRC2","49","65","579","437","1"
"485","2025-04-05 15:50:11","FRC2","46","65","617","437","1"
"486","2025-04-05 15:55:11","FRC2","49","66","579","430","1"
"487","2025-04-05 16:00:11","FRC2","50","66","568","430","1"
"488","2025-04-05 16:17:24","FRC2","47","66","604","430","1"
"489","2025-04-05 16:22:24","FRC2","47","65","604","437","1"
"490","2025-04-05 16:27:24","FRC2","49","66","579","430","1"
"491","2025-04-05 16:32:25","FRC2","47","66","604","430","1"
"492","2025-04-05 16:37:25","FRC2","48","64","591","443","1"
"493","2025-04-05 16:42:25","FRC2","49","66","579","430","1"
"494","2025-04-05 16:47:25","FRC2","49","66","579","430","1"
"495","2025-04-05 16:52:26","FRC2","48","65","591","437","1"
"496","2025-04-05 16:57:26","FRC2","50","65","568","437","1"
"497","2025-04-05 17:19:05","FRC2","47","65","604","437","1"
"498","2025-04-05 17:24:05","FRC2","46","65","617","437","1"
"499","2025-04-05 17:29:19","FRC2","46","65","617","437","1"
"500","2025-04-05 17:34:20","FRC2","44","65","645","437","1"
"501","2025-04-05 17:39:20","FRC2","46","65","617","437","1"
"502","2025-04-05 17:44:20","FRC2","46","66","617","430","1"
"503","2025-04-05 17:49:20","FRC2","46","65","617","437","1"
"504","2025-04-05 17:54:21","FRC2","43","66","660","430","1"
"505","2025-04-05 17:59:21","FRC2","48","65","591","437","1"
"506","2025-04-05 18:04:21","FRC2","50","66","568","430","1"
"507","2025-04-05 18:09:22","FRC2","47","66","604","430","1"
"508","2025-04-05 18:25:00","FRC2","47","65","604","437","1"
"509","2025-04-05 18:30:00","FRC2","47","65","604","437","1"
"510","2025-04-05 18:35:01","FRC2","49","65","579","437","1"
"511","2025-04-05 18:40:01","FRC2","46","65","617","437","1"
"512","2025-04-05 18:45:01","FRC2","46","65","617","437","1"
"513","2025-04-05 18:50:01","FRC2","46","65","617","437","1"
"514","2025-04-05 18:55:02","FRC2","47","66","604","430","1"
"515","2025-04-05 19:00:02","FRC2","47","66","604","430","1"
"516","2025-04-05 19:05:02","FRC2","50","65","568","437","1"
"517","2025-04-05 19:25:00","FRC2","50","65","568","437","1"
"518","2025-04-05 19:30:00","FRC2","53","66","536","430","1"
"519","2025-04-05 19:35:00","FRC2","50","66","568","430","1"
"520","2025-04-05 19:45:01","FRC2","51","65","557","437","1"
"521","2025-04-05 19:50:01","FRC2","49","65","579","437","1"
"522","2025-04-05 19:55:01","FRC2","52","66","546","430","1"
"523","2025-04-05 20:05:02","FRC2","50","65","568","437","1"
"524","2025-04-05 20:25:45","FRC2","66","66","430","430","1"
"525","2025-04-05 20:30:45","FRC2","66","66","430","430","1"
"526","2025-04-05 20:35:46","FRC2","66","66","430","430","1"
"527","2025-04-05 20:40:46","FRC2","66","66","430","430","1"
"528","2025-04-05 20:45:46","FRC2","66","66","430","430","1"
"529","2025-04-05 20:50:46","FRC2","66","66","430","430","1"
"530","2025-04-05 20:55:47","FRC2","66","66","430","430","1"
"531","2025-04-05 21:00:47","FRC2","66","66","430","430","1"
"532","2025-04-05 21:05:47","FRC2","66","66","430","430","1"
"533","2025-04-05 21:25:19","FRC2","66","66","430","430","1"
"534","2025-04-05 21:30:19","FRC2","66","66","430","430","1"
"535","2025-04-05 21:35:19","FRC2","66","66","430","430","1"
"536","2025-04-05 21:40:20","FRC2","66","66","430","430","1"
"537","2025-04-05 21:45:20","FRC2","66","66","430","430","1"
"538","2025-04-05 21:50:20","FRC2","66","66","430","430","1"
"539","2025-04-05 21:55:20","FRC2","66","66","430","430","1"
"540","2025-04-05 22:00:21","FRC2","66","66","430","430","1"
"541","2025-04-05 22:05:21","FRC2","66","66","430","430","1"
"542","2025-04-05 22:19:42","FRC2","66","66","430","430","1"
"543","2025-04-05 22:24:42","FRC2","66","66","430","430","1"
"544","2025-04-05 22:29:43","FRC2","66","66","430","430","1"
"545","2025-04-05 22:34:43","FRC2","66","66","430","430","1"
"546","2025-04-05 22:39:43","FRC2","66","66","430","430","1"
"547","2025-04-05 22:44:44","FRC2","66","66","430","430","1"
"548","2025-04-05 22:49:44","FRC2","66","66","430","430","1"
"549","2025-04-05 22:54:44","FRC2","66","66","430","430","1"
"550","2025-04-05 23:09:58","FRC2","66","66","430","430","1"
"551","2025-04-05 23:14:59","FRC2","66","66","430","430","1"
"552","2025-04-05 23:19:59","FRC2","66","66","430","430","1"
"553","2025-04-05 23:24:59","FRC2","66","66","430","430","1"
"554","2025-04-05 23:29:59","FRC2","66","66","430","430","1"
"555","2025-04-06 10:44:14","FRC2","59","65","481","437","1"
"556","2025-04-06 10:49:12","FRC2","66","66","430","430","1"
"557","2025-04-06 10:54:12","FRC2","66","66","430","430","1"
"558","2025-04-06 10:59:13","FRC2","66","66","430","430","1"
"559","2025-04-06 11:04:13","FRC2","60","66","473","430","1"
"560","2025-04-06 11:09:13","FRC2","58","66","489","430","1"
"561","2025-04-06 11:14:13","FRC2","50","65","568","437","1"
"562","2025-04-06 11:19:14","FRC2","53","64","536","443","1"
"563","2025-04-06 11:24:14","FRC2","53","66","536","430","1"
"564","2025-04-06 11:37:51","FRC2","53","66","536","430","1"
"565","2025-04-06 11:42:52","FRC2","53","65","536","437","1"
"566","2025-04-06 11:47:52","FRC2","51","66","557","430","1"
"567","2025-04-06 11:52:52","FRC2","54","66","526","430","1"
"568","2025-04-06 11:57:52","FRC2","53","65","536","437","1"
"569","2025-04-06 12:02:53","FRC2","53","66","536","430","1"
"570","2025-04-06 12:07:53","FRC2","54","65","526","437","1"
"571","2025-04-06 12:12:53","FRC2","54","65","526","437","1"
"572","2025-04-06 12:17:54","FRC2","53","66","536","430","1"
"573","2025-04-06 12:23:02","FRC2","54","66","526","430","1"
"574","2025-04-06 12:28:02","FRC2","53","65","536","437","1"
"575","2025-04-06 12:33:02","FRC2","55","66","516","430","1"
"576","2025-04-06 12:49:41","FRC2","53","65","536","437","1"
"577","2025-04-06 12:54:41","FRC2","50","65","568","437","1"
"578","2025-04-06 12:59:42","FRC2","52","66","546","430","1"
"579","2025-04-06 13:04:42","FRC2","52","65","546","437","1"
"580","2025-04-06 13:09:42","FRC2","55","65","516","437","1"
"581","2025-04-06 13:14:42","FRC2","54","66","526","430","1"
"582","2025-04-06 13:19:43","FRC2","54","66","526","430","1"
"583","2025-04-06 13:24:43","FRC2","54","66","526","430","1"
"584","2025-04-06 13:29:43","FRC2","56","65","507","437","1"
"585","2025-04-06 13:50:17","FRC2","53","65","536","437","1"
"586","2025-04-06 13:55:17","FRC2","55","65","516","437","1"
"587","2025-04-06 14:00:18","FRC2","54","64","526","443","1"
"588","2025-04-06 14:10:18","FRC2","53","66","536","430","1"
"589","2025-04-06 14:15:18","FRC2","53","65","536","437","1"
"590","2025-04-06 14:20:19","FRC2","55","66","516","430","1"
"591","2025-04-06 14:25:19","FRC2","52","65","546","437","1"
"592","2025-04-06 14:30:19","FRC2","51","66","557","430","1"
"593","2025-04-06 14:37:28","FRC2","53","66","536","430","1"
"594","2025-04-06 14:42:28","FRC2","54","66","526","430","1"
"595","2025-04-06 14:47:28","FRC2","56","66","507","430","1"
"596","2025-04-06 14:53:02","FRC2","54","65","526","437","1"
"597","2025-04-06 14:58:02","FRC2","52","66","546","430","1"
"598","2025-04-06 15:03:02","FRC2","51","66","557","430","1"
"599","2025-04-06 15:08:02","FRC2","51","66","557","430","1"
"600","2025-04-06 15:13:03","FRC2","51","66","557","430","1"
"601","2025-04-06 15:18:03","FRC2","52","65","546","437","1"
"602","2025-04-06 15:23:03","FRC2","48","65","591","437","1"
"603","2025-04-06 15:28:03","FRC2","50","66","568","430","1"
"604","2025-04-06 15:33:04","FRC2","52","66","546","430","1"
"605","2025-04-06 15:58:23","FRC2","52","64","546","443","1"
"606","2025-04-06 16:03:23","FRC2","53","66","536","430","1"
"607","2025-04-06 16:08:23","FRC2","53","66","536","430","1"
"608","2025-04-06 16:13:24","FRC2","54","66","526","430","1"
"609","2025-04-06 16:18:24","FRC2","50","65","568","437","1"
"610","2025-04-06 16:23:24","FRC2","49","65","579","437","1"
"611","2025-04-06 17:04:49","FRC2","50","65","568","437","1"
"612","2025-04-06 17:09:49","FRC2","46","65","617","437","1"
"613","2025-04-06 17:14:49","FRC2","44","66","645","430","1"
"614","2025-04-06 17:19:49","FRC2","44","66","645","430","1"
"615","2025-04-06 17:24:50","FRC2","45","65","631","437","1"
"616","2025-04-06 17:29:50","FRC2","43","65","660","437","1"
"617","2025-04-06 17:34:50","FRC2","44","66","645","430","1"
"618","2025-04-06 17:39:51","FRC2","44","66","645","430","1"
"619","2025-04-06 17:44:51","FRC2","43","65","660","437","1"
"620","2025-04-06 18:02:33","FRC2","44","66","645","430","1"
"621","2025-04-06 18:07:33","FRC2","45","64","631","443","1"
"622","2025-04-06 18:12:33","FRC2","46","65","617","437","1"
"623","2025-04-06 18:17:33","FRC2","46","65","617","437","1"
"624","2025-04-06 18:22:34","FRC2","46","65","617","437","1"
"625","2025-04-06 18:27:34","FRC2","46","65","617","437","1"
"626","2025-04-06 18:32:35","FRC2","46","65","617","437","1"
"627","2025-04-06 18:37:35","FRC2","47","65","604","437","1"
"628","2025-04-06 18:42:35","FRC2","46","65","617","437","1"
"629","2025-04-06 18:47:42","FRC2","50","65","568","437","1"
"630","2025-04-06 18:59:15","FRC2","50","65","568","437","1"
"631","2025-04-06 19:04:16","FRC2","49","65","579","437","1"
"632","2025-04-06 19:09:16","FRC2","66","66","430","430","1"
"633","2025-04-06 19:14:16","FRC2","66","66","430","430","1"
"634","2025-04-06 19:19:16","FRC2","66","66","430","430","1"
"635","2025-04-06 19:24:17","FRC2","66","66","430","430","1"
"636","2025-04-06 19:29:17","FRC2","66","66","430","430","1"
"637","2025-04-06 19:39:18","FRC2","54","65","526","437","1"
"638","2025-04-06 20:00:15","FRC2","66","66","430","430","1"
"639","2025-04-06 20:05:15","FRC2","66","66","430","430","1"
"640","2025-04-06 20:10:15","FRC2","66","66","430","430","1"
"641","2025-04-06 20:15:16","FRC2","66","66","430","430","1"
"642","2025-04-06 20:20:16","FRC2","66","66","430","430","1"
"643","2025-04-06 20:25:16","FRC2","66","66","430","430","1"
"644","2025-04-06 20:30:16","FRC2","66","66","430","430","1"
"645","2025-04-06 20:35:17","FRC2","66","66","430","430","1"
"646","2025-04-06 20:40:17","FRC2","66","66","430","430","1"
"647","2025-04-06 21:01:47","FRC2","66","66","430","430","1"
"648","2025-04-06 21:06:47","FRC2","66","66","430","430","1"
"649","2025-04-06 21:11:48","FRC2","66","66","430","430","1"
"650","2025-04-06 21:16:48","FRC2","66","66","430","430","1"
"651","2025-04-06 21:21:48","FRC2","66","66","430","430","1"
"652","2025-04-06 21:26:48","FRC2","66","66","430","430","1"
"653","2025-04-06 21:31:49","FRC2","66","66","430","430","1"
"654","2025-04-06 21:36:49","FRC2","66","66","430","430","1"
"655","2025-04-06 21:41:49","FRC2","66","66","430","430","1"
"656","2025-04-06 22:03:00","FRC2","66","66","430","430","1"
"657","2025-04-06 22:08:00","FRC2","66","66","430","430","1"
"658","2025-04-06 22:13:01","FRC2","66","66","430","430","1"
"659","2025-04-06 22:18:01","FRC2","66","66","430","430","1"
"660","2025-04-06 22:23:01","FRC2","66","66","430","430","1"
"661","2025-04-06 22:28:02","FRC2","66","66","430","430","1"
"662","2025-04-06 22:33:02","FRC2","66","66","430","430","1"
"663","2025-04-06 22:38:02","FRC2","66","66","430","430","1"
"664","2025-04-06 22:43:02","FRC2","66","66","430","430","1"
"665","2025-04-06 22:52:22","FRC2","66","66","430","430","1"
"666","2025-04-06 22:57:22","FRC2","66","66","430","430","1"
"667","2025-04-07 15:48:11","FRC2","49","66","579","430","1"
"668","2025-04-07 15:53:11","FRC2","49","66","579","430","1"
"669","2025-04-07 15:58:12","FRC2","50","65","568","437","1"
"670","2025-04-07 16:03:12","FRC2","48","65","591","437","1"
"671","2025-04-07 16:08:12","FRC2","49","66","579","430","1"
"672","2025-04-07 16:13:12","FRC2","49","65","579","437","1"
"673","2025-04-07 16:18:13","FRC2","46","66","617","430","1"
"674","2025-04-07 16:23:13","FRC2","46","66","617","430","1"
"675","2025-04-07 16:28:14","FRC2","47","65","604","437","1"
"676","2025-04-07 16:48:20","FRC2","47","65","604","437","1"
"677","2025-04-07 16:53:20","FRC2","48","65","591","437","1"
"678","2025-04-07 16:58:20","FRC2","49","65","579","437","1"
"679","2025-04-07 17:03:21","FRC2","49","66","579","430","1"
"680","2025-04-07 17:08:21","FRC2","50","65","568","437","1"
"681","2025-04-07 17:13:21","FRC2","48","65","591","437","1"
"682","2025-04-07 17:23:22","FRC2","49","65","579","437","1"
"683","2025-04-07 17:28:23","FRC2","50","65","568","437","1"
"684","2025-04-07 17:53:44","FRC2","52","66","546","430","1"
"685","2025-04-07 17:58:44","FRC2","53","65","536","437","1"
"686","2025-04-07 18:03:44","FRC2","66","66","430","430","1"
"687","2025-04-07 18:08:44","FRC2","49","65","579","437","1"
"688","2025-04-07 18:13:44","FRC2","66","66","430","430","1"
"689","2025-04-07 18:18:45","FRC2","52","65","546","437","1"
"690","2025-04-07 18:23:45","FRC2","49","65","579","437","1"
"691","2025-04-07 18:28:45","FRC2","51","66","557","430","1"
"692","2025-04-07 18:33:46","FRC2","50","65","568","437","1"
"693","2025-04-07 18:57:25","FRC2","50","66","568","430","1"
"694","2025-04-07 19:02:25","FRC2","53","65","536","437","1"
"695","2025-04-07 19:07:25","FRC2","66","66","430","430","1"
"696","2025-04-07 19:12:25","FRC2","66","66","430","430","1"
"697","2025-04-07 19:17:25","FRC2","66","66","430","430","1"
"698","2025-04-07 19:22:26","FRC2","66","66","430","430","1"
"699","2025-04-07 19:27:26","FRC2","66","66","430","430","1"
"700","2025-04-07 19:32:26","FRC2","66","66","430","430","1"
"701","2025-04-07 19:37:27","FRC2","66","66","430","430","1"
"702","2025-04-07 20:00:14","FRC2","66","66","430","430","1"
"703","2025-04-07 20:05:14","FRC2","66","66","430","430","1"
"704","2025-04-07 20:10:15","FRC2","66","66","430","430","1"
"705","2025-04-07 20:20:15","FRC2","66","66","430","430","1"
"706","2025-04-07 20:25:16","FRC2","66","66","430","430","1"
"707","2025-04-07 20:30:16","FRC2","66","66","430","430","1"
"708","2025-04-07 20:35:16","FRC2","66","66","430","430","1"
"709","2025-04-07 20:40:16","FRC2","66","66","430","430","1"
"710","2025-04-07 21:02:38","FRC2","66","66","430","430","1"
"711","2025-04-07 21:07:38","FRC2","66","66","430","430","1"
"712","2025-04-07 21:12:38","FRC2","66","66","430","430","1"
"713","2025-04-07 21:17:38","FRC2","66","66","430","430","1"
"714","2025-04-07 21:27:39","FRC2","66","66","430","430","1"
"722","2025-04-09 04:29:52","FRC4","54","54","660","660","1"
"723","2025-04-09 04:34:52","FRC4","54","54","660","660","1"
"724","2025-04-09 04:39:53","FRC4","54","54","660","660","1"
"725","2025-04-09 04:44:53","FRC4","54","54","660","660","1"
"726","2025-04-09 04:49:53","FRC4","54","54","660","660","1"
"727","2025-04-09 04:54:53","FRC4","54","54","660","660","1"
"728","2025-04-09 04:59:54","FRC4","54","54","660","660","1"
"729","2025-04-09 05:04:54","FRC4","54","54","660","660","1"
"730","2025-04-09 05:09:54","FRC4","54","54","660","660","1"
"731","2025-04-09 05:30:16","FRC4","54","54","660","660","1"
"732","2025-04-09 05:35:16","FRC4","54","54","660","660","1"
"733","2025-04-09 05:40:17","FRC4","54","54","660","660","1"
"734","2025-04-09 05:45:17","FRC4","54","54","660","660","1"
"735","2025-04-09 05:50:17","FRC4","54","54","660","660","1"
"736","2025-04-09 05:55:17","FRC4","54","54","660","660","1"
"737","2025-04-09 06:00:18","FRC4","54","54","660","660","1"
"738","2025-04-09 06:05:18","FRC4","54","54","660","660","1"
"739","2025-04-09 06:10:18","FRC4","54","54","660","660","1"
"740","2025-04-09 06:34:31","FRC4","54","54","660","660","1"
"741","2025-04-09 06:39:31","FRC4","54","54","660","660","1"
"742","2025-04-09 06:44:32","FRC4","54","54","660","660","1"
"743","2025-04-09 06:49:32","FRC4","54","54","660","660","1"
"744","2025-04-09 06:54:32","FRC4","54","54","660","660","1"
"745","2025-04-09 06:59:33","FRC4","54","54","660","660","1"
"746","2025-04-09 07:04:33","FRC4","54","54","660","660","1"
"747","2025-04-09 07:09:33","FRC4","54","54","660","660","1"
"748","2025-04-09 07:14:34","FRC4","54","54","660","660","1"
"749","2025-04-09 07:39:49","FRC4","48","53","743","673","0.999581"
"750","2025-04-09 07:44:49","FRC4","47","54","759","660","0.996992"
"751","2025-04-09 07:49:49","FRC4","50","54","713","660","0.997951"
"752","2025-04-09 07:54:49","FRC4","54","54","660","660","1"
"753","2025-04-09 07:59:50","FRC4","48","54","743","660","1"
"754","2025-04-09 08:04:50","FRC4","49","55","728","648","1"
"755","2025-04-09 08:09:50","FRC4","54","54","660","660","1"
"756","2025-04-09 08:14:51","FRC4","54","54","660","660","1"
"757","2025-04-09 08:19:51","FRC4","54","54","660","660","1"
"758","2025-04-09 08:44:45","FRC4","54","54","660","660","1"
"759","2025-04-09 08:49:45","FRC4","54","54","660","660","1"
"760","2025-04-09 08:54:45","FRC4","47","53","759","673","0.999928"
"761","2025-04-09 08:59:46","FRC4","54","54","660","660","1"
"762","2025-04-09 09:04:46","FRC4","47","54","759","660","1"
"763","2025-04-09 09:09:46","FRC4","54","54","660","660","1"
"764","2025-04-09 09:14:47","FRC4","54","54","660","660","1"
"765","2025-04-09 09:19:47","FRC4","54","54","660","660","1"
"766","2025-04-09 09:24:47","FRC4","54","54","660","660","1"
"767","2025-04-09 09:48:31","FRC4","54","54","660","660","1"
"768","2025-04-09 09:53:31","FRC4","54","54","660","660","1"
"769","2025-04-09 09:58:31","FRC4","48","54","743","660","1"
"770","2025-04-09 10:03:32","FRC4","50","55","713","648","1"
"771","2025-04-09 10:08:32","FRC4","48","55","743","648","0.999105"
"772","2025-04-09 10:13:32","FRC4","48","55","743","648","1"
"773","2025-04-09 10:18:33","FRC4","48","54","743","660","1"
"774","2025-04-09 10:23:33","FRC4","48","55","743","648","1"
"775","2025-04-09 10:28:33","FRC4","44","54","811","660","1"
"776","2025-04-09 10:54:34","FRC4","49","55","728","648","1"
"777","2025-04-09 10:59:34","FRC4","47","54","759","660","1"
"778","2025-04-09 11:04:34","FRC4","46","54","775","660","1"
"779","2025-04-09 11:09:34","FRC4","47","54","759","660","1"
"780","2025-04-09 11:14:34","FRC4","46","55","775","648","1"
"781","2025-04-09 11:19:35","FRC4","45","55","793","648","1"
"782","2025-04-09 11:24:35","FRC4","47","54","759","660","1"
"783","2025-04-09 11:29:35","FRC4","46","54","775","660","1"
"784","2025-04-09 11:34:36","FRC4","49","54","728","660","1"
"785","2025-04-09 12:01:00","FRC4","46","54","775","660","1"
"786","2025-04-09 12:06:00","FRC4","45","55","793","648","1"
"787","2025-04-09 12:11:01","FRC4","45","54","793","660","1"
"788","2025-04-09 12:16:01","FRC4","46","54","775","660","0.999927"
"789","2025-04-09 12:21:01","FRC4","47","55","759","648","1"
"790","2025-04-09 12:26:01","FRC4","45","54","793","660","1"
"791","2025-04-09 12:31:02","FRC4","49","54","728","660","1"
"792","2025-04-09 12:36:02","FRC4","46","55","775","648","1"
"793","2025-04-09 12:41:02","FRC4","43","54","830","660","1"
"794","2025-04-09 13:06:50","FRC4","46","54","775","660","1"
"795","2025-04-09 13:11:50","FRC4","54","54","660","660","1"
"796","2025-04-09 13:16:50","FRC4","47","55","759","648","1"
"797","2025-04-09 13:21:51","FRC4","45","54","793","660","1"
"798","2025-04-09 13:26:51","FRC4","45","55","793","648","1"
"799","2025-04-09 13:31:51","FRC4","45","55","793","648","1"
"800","2025-04-09 13:36:52","FRC4","45","54","793","660","1"
"801","2025-04-09 13:41:52","FRC4","42","54","849","660","1"
"802","2025-04-09 13:46:52","FRC4","42","54","849","660","1"
"803","2025-04-09 14:12:01","FRC4","44","55","811","648","1"
"804","2025-04-09 14:17:02","FRC4","46","54","775","660","1"
"805","2025-04-09 14:22:02","FRC4","42","54","849","660","1"
"806","2025-04-09 14:27:02","FRC4","44","55","811","648","1"
"807","2025-04-09 14:32:02","FRC4","48","55","743","648","1"
"808","2025-04-09 14:37:02","FRC4","43","55","830","648","1"
"809","2025-04-09 14:42:03","FRC4","44","55","811","648","1"
"810","2025-04-09 14:47:03","FRC4","40","54","892","660","1"
"811","2025-04-09 14:52:03","FRC4","42","54","849","660","1"
"812","2025-04-09 14:57:08","FRC4","42","53","849","673","1"
"813","2025-04-09 15:02:08","FRC4","43","54","830","660","1"
"814","2025-04-09 15:07:08","FRC4","44","55","811","648","1"
"815","2025-04-09 15:18:58","FRC4","44","54","811","660","1"
"816","2025-04-09 15:23:58","FRC4","44","54","811","660","1"
"817","2025-04-09 15:28:58","FRC4","44","55","811","648","1"
"818","2025-04-09 15:33:58","FRC4","43","54","830","660","1"
"819","2025-04-09 15:38:59","FRC4","46","53","775","673","1"
"820","2025-04-09 15:43:59","FRC4","45","54","793","660","1"
"821","2025-04-09 15:48:59","FRC4","46","55","775","648","1"
"822","2025-04-09 15:53:59","FRC4","45","53","793","673","1"
"823","2025-04-09 15:59:00","FRC4","46","54","775","660","1"
"824","2025-04-09 16:09:12","FRC4","44","54","811","660","1"
"825","2025-04-09 16:14:13","FRC4","47","54","759","660","1"
"826","2025-04-09 16:19:12","FRC4","46","54","775","660","1"
"827","2025-04-09 16:24:12","FRC4","46","55","775","648","1"
"828","2025-04-09 16:29:13","FRC4","46","54","775","660","1"
"829","2025-04-09 16:34:13","FRC4","47","55","759","648","1"
"830","2025-04-09 16:39:13","FRC4","43","55","830","648","1"
"831","2025-04-09 16:44:13","FRC4","54","54","660","660","1"
"832","2025-04-09 16:49:14","FRC4","54","54","660","660","1"
"833","2025-04-09 17:14:13","FRC4","43","54","830","660","1"
"834","2025-04-09 17:19:13","FRC4","47","55","759","648","1"
"835","2025-04-09 17:24:14","FRC4","46","55","775","648","1"
"836","2025-04-09 17:29:14","FRC4","45","54","793","660","1"
"837","2025-04-09 17:34:14","FRC4","44","54","811","660","1"
"838","2025-04-09 17:39:14","FRC4","45","54","793","660","1"
"839","2025-04-09 17:44:15","FRC4","43","54","830","660","1"
