"id","timestamp","light","temperature","humidity","pm2_5"
"1","2025-03-29 13:17:54","2050.44","33","59","52"
"2","2025-03-29 13:18:06","1981.78","33","59","52"
"3","2025-03-29 13:28:20","1783.68","33","59","52"
"4","2025-03-29 13:28:30","1743.55","33","59","52"
"5","2025-03-29 13:28:41","1743.55","33","59","52"
"6","2025-03-29 13:28:51","1743.55","33","59","52"
"7","2025-03-29 13:29:01","1743.55","33","59","52"
"8","2025-03-29 13:29:11","1753.38","33","59","51"
"9","2025-03-29 13:29:21","1753.38","33","59","52"
"10","2025-03-29 13:29:32","1794.05","33","59","50"
"11","2025-03-29 13:44:58","1164.94","33","59","0"
"12","2025-03-29 13:48:24","1271.27","30","50","0"
"13","2025-03-29 14:15:27","1252.78","36","49","0"
"14","2025-03-29 14:15:35","1239.31","37","48","49"
"15","2025-03-29 14:47:24","1305.17","37","47","0"
"16","2025-03-29 14:47:37","1295.27","40","41","48"
"17","2025-03-29 18:25:40","99.37","32","61","0"
"18","2025-03-29 18:30:40","92.23","34","58","50"
"19","2025-03-29 18:35:40","89.62","36","49","50"
"20","2025-03-29 18:40:40","87.12","36","48","49"
"21","2025-03-29 18:45:41","85.35","36","47","49"
"22","2025-03-29 18:50:41","84.86","36","47","51"
"23","2025-03-30 11:04:13","669.05","29","78","0"
"24","2025-03-30 11:09:13","447.79","31","74","46"
"25","2025-03-30 11:14:13","550.91","32","70","46"
"26","2025-03-30 11:19:13","728.86","32","70","46"
"27","2025-03-30 11:24:14","845.82","32","71","46"
"28","2025-03-30 11:29:14","789.87","32","71","45"
"29","2025-03-30 11:34:14","859.24","32","72","45"
"30","2025-03-30 11:39:15","845.82","32","72","45"
"31","2025-03-30 14:05:17","90.06","29","69","0"
"32","2025-03-30 14:10:17","89.98","29","71","39"
"33","2025-03-30 14:15:17","90.42","29","75","39"
"34","2025-03-30 14:20:17","91.87","29","76","39"
"35","2025-03-30 14:25:18","93.55","29","78","40"
"36","2025-03-30 14:40:22","97.19","30","78","0"
"37","2025-03-31 07:53:39","113.48","28","84","0"
"38","2025-03-31 07:58:39","113.32","28","80","52"
"39","2025-03-31 08:03:39","108.15","28","82","51"
"40","2025-03-31 08:08:40","110.87","28","82","51"
"41","2025-03-31 08:13:40","113.23","28","83","51"
"42","2025-03-31 08:32:00","106.96","28","84","48"
"43","2025-03-31 08:37:00","105.54","28","84","48"
"44","2025-03-31 08:42:39","96.74","28","84","53"
"45","2025-03-31 08:47:40","101.97","29","82","51"
"46","2025-03-31 08:52:40","108.22","29","84","53"
"47","2025-03-31 08:57:40","117.38","29","85","52"
"48","2025-03-31 09:02:40","117.64","29","85","52"
"49","2025-03-31 09:07:41","114.8","29","85","52"
"50","2025-03-31 09:12:41","119.5","29","86","52"
"51","2025-03-31 09:17:41","116.29","29","86","52"
"52","2025-03-31 09:22:41","104.83","29","86","53"
"53","2025-03-31 09:27:42","103.28","29","86","0"
"54","2025-04-01 13:08:12","441.28","30","72","0"
"55","2025-04-01 13:13:12","825.64","30","71","43"
"56","2025-04-01 13:18:12","902.46","32","64","43"
"57","2025-04-01 13:23:13","920.22","32","63","44"
"58","2025-04-01 13:28:13","970.76","32","63","44"
"59","2025-04-01 13:33:13","920.22","32","62","43"
"60","2025-04-01 13:38:13","927.08","32","62","43"
"61","2025-04-01 13:43:14","902.46","33","63","42"
"62","2025-04-01 13:48:14","859.24","33","62","42"
"63","2025-04-01 13:53:14","836.51","33","61","0"
"64","2025-04-01 13:58:14","889.63","33","60","0"
"65","2025-04-01 14:03:15","936.4","33","61","0"
"66","2025-04-01 17:30:44","99.22","24","73","0"
"67","2025-04-01 17:35:45","135.95","27","81","61"
"68","2025-04-01 17:40:45","128.32","32","63","64"
"69","2025-04-01 17:45:45","118.31","32","62","65"
"70","2025-04-01 17:50:45","111.85","32","62","64"
"71","2025-04-01 17:55:46","106.96","32","64","66"
"72","2025-04-01 18:00:46","104.83","32","64","66"
"73","2025-04-01 18:05:46","104.91","32","64","69"
"74","2025-04-01 18:10:46","100.97","32","64","67"
"75","2025-04-01 18:19:17","94.81","32","64","56"
"76","2025-04-01 18:24:18","98.01","32","64","56"
"77","2025-04-01 18:29:18","95.84","32","63","57"
"78","2025-04-01 18:34:18","94.73","32","63","57"
"79","2025-04-01 18:39:18","94.36","32","63","58"
"80","2025-04-01 18:44:19","94.36","32","64","58"
"81","2025-04-01 18:49:19","94.21","32","64","56"
"82","2025-04-01 18:54:19","94.51","32","64","56"
"83","2025-04-01 18:59:20","93.99","32","64","55"
"84","2025-04-01 19:04:20","94.21","32","64","0"
"85","2025-04-01 19:09:20","93.99","32","64","0"
"86","2025-04-01 19:19:21","100.05","32","64","0"
"87","2025-04-01 19:20:25","99.9","32","64","0"
"88","2025-04-01 19:25:25","99.3","32","64","47"
"89","2025-04-01 19:30:25","99.3","32","65","47"
"90","2025-04-01 19:35:25","99.45","32","65","47"
"91","2025-04-01 19:40:26","100.97","32","65","48"
"92","2025-04-01 19:45:26","99.45","32","65","48"
"93","2025-04-01 19:55:27","100.74","32","66","49"
"94","2025-04-01 20:00:27","99.9","32","66","51"
"220","2025-04-02 22:27:15","93.55","32","71","36"
"221","2025-04-02 22:32:15","84.79","32","64","36"
"222","2025-04-02 22:37:15","84.86","32","64","35"
"223","2025-04-02 22:42:15","94.51","32","64","35"
"224","2025-04-02 22:47:16","84.5","32","63","36"
"225","2025-04-02 22:52:16","84.86","32","63","37"
"226","2025-04-02 22:57:16","84.79","32","63","37"
"227","2025-04-02 23:02:17","84.86","32","63","37"
"228","2025-04-02 23:07:17","85.07","32","63","37"
"229","2025-04-02 23:12:17","84.71","32","63","0"
"230","2025-04-02 23:17:17","84.79","32","64","0"
"231","2025-04-02 23:22:18","85.35","32","64","0"
"232","2025-04-02 23:27:18","84.79","32","64","0"
"233","2025-04-02 23:32:18","84.86","32","64","0"
"234","2025-04-02 23:37:19","84.71","32","65","0"
"235","2025-04-02 23:42:19","84.86","32","65","0"
"236","2025-04-02 23:47:19","85.49","32","66","0"
"237","2025-04-02 23:52:19","85.07","32","65","0"
"238","2025-04-02 23:57:20","85.63","31","66","0"
"239","2025-04-03 14:15:17","201.61","32","62","0"
"240","2025-04-03 14:26:55","144.25","32","61","0"
"241","2025-04-03 14:27:45","141.98","32","62","0"
"242","2025-04-03 14:33:36","192.77","32","59","0"
"243","2025-04-03 14:44:22","177.03","32","59","36"
"244","2025-04-03 14:44:57","176.55","32","59","40"
"245","2025-04-03 14:49:58","169.89","32","59","40"
"246","2025-04-03 14:55:00","174.86","32","59","39"
"247","2025-04-03 15:00:01","167.69","32","58","38"
"248","2025-04-03 15:05:02","172.83","33","58","39"
"249","2025-04-03 15:10:04","172.95","33","58","39"
"250","2025-04-03 15:15:05","162.05","33","58","38"
"251","2025-04-03 15:20:06","157.14","33","57","39"
"252","2025-04-03 15:24:07","162.16","33","55","40"
"253","2025-04-03 15:29:09","156.71","33","57","40"
"254","2025-04-03 15:34:10","154.27","33","57","41"
"255","2025-04-03 15:39:11","152.59","33","57","42"
"256","2025-04-03 15:44:12","151.13","33","56","43"
"257","2025-04-03 15:49:14","150.72","33","54","42"
"258","2025-04-03 15:59:16","153.11","33","54","42"
"259","2025-04-03 16:04:18","147.75","33","55","42"
"260","2025-04-03 16:09:19","141.79","33","55","0"
"261","2025-04-03 16:14:20","134.63","33","55","0"
"262","2025-04-03 16:19:22","137.17","33","55","0"
"263","2025-04-03 16:29:23","133.33","33","53","37"
"264","2025-04-03 16:34:25","128.77","33","52","37"
"265","2025-04-03 16:39:26","126.45","33","53","37"
"266","2025-04-03 16:42:15","123.89","33","53","44"
"267","2025-04-03 16:47:21","1161.1","33","54","43"
"268","2025-04-03 16:52:22","1124.25","34","52","42"
"269","2025-04-03 16:57:23","1086.65","35","49","41"
"270","2025-04-03 17:02:25","1048.72","35","48","42"
"271","2025-04-03 17:07:26","970.76","35","47","42"
"272","2025-04-03 17:12:27","911.24","35","48","42"
"273","2025-04-03 17:17:28","859.24","35","48","42"
"274","2025-04-03 17:22:30","831.04","35","48","43"
"275","2025-04-03 17:27:31","767.84","35","48","43"
"276","2025-04-03 17:32:32","698.84","35","48","0"
"277","2025-04-03 17:37:34","619.67","35","48","0"
"278","2025-04-03 17:42:35","522.7","35","48","0"
"279","2025-04-03 17:47:36","427.84","35","49","0"
"280","2025-04-03 17:48:16","371","35","48","41"
"281","2025-04-03 17:53:17","272.12","35","49","40"
"282","2025-04-03 17:58:19","217.4","35","48","41"
"283","2025-04-03 18:03:20","171.06","35","48","41"
"284","2025-04-03 18:08:21","144.05","35","47","42"
"285","2025-04-03 18:38:21","86.98","34","51","48"
"286","2025-04-03 18:43:21","86.48","33","52","48"
"287","2025-04-03 18:48:21","86.2","32","54","48"
"288","2025-04-03 18:53:21","85.91","32","56","48"
"289","2025-04-03 18:58:22","86.2","32","57","47"
"290","2025-04-03 19:03:22","86.06","32","60","47"
"291","2025-04-03 19:08:22","86.27","32","61","47"
"292","2025-04-03 19:18:23","85.84","32","64","48"
"293","2025-04-03 19:40:23","85.98","32","64","37"
"294","2025-04-03 19:45:23","86.2","32","65","37"
"295","2025-04-03 19:50:24","86.55","32","65","37"
"296","2025-04-03 19:55:24","86.48","32","65","37"
"297","2025-04-03 20:05:25","86.13","32","65","39"
"298","2025-04-03 20:10:25","85.91","32","65","38"
"299","2025-04-03 20:15:25","86.13","32","65","38"
"300","2025-04-03 20:20:25","86.2","32","65","39"
"301","2025-04-04 00:32:32","92.38","28","76","17"
"302","2025-04-04 00:37:32","85.07","29","75","17"
"303","2025-04-04 00:42:33","85.14","30","69","16"
"304","2025-04-04 00:47:33","84.86","30","68","16"
"305","2025-04-04 00:52:33","85.28","30","68","15"
"306","2025-04-04 00:57:34","85.7","30","68","15"
"307","2025-04-04 01:02:34","84.86","31","69","13"
"308","2025-04-04 01:07:34","85.07","30","68","13"
"309","2025-04-04 01:12:34","85","31","69","15"
"310","2025-04-04 01:27:16","84.71","31","69","12"
"311","2025-04-04 01:32:17","84.79","30","69","12"
"312","2025-04-04 01:37:17","85.07","30","69","12"
"313","2025-04-04 01:42:17","84.79","30","69","12"
"314","2025-04-04 01:47:18","84.79","30","69","13"
"315","2025-04-04 01:52:18","84.86","30","69","13"
"316","2025-04-04 01:57:18","84.71","30","69","14"
"317","2025-04-04 02:02:18","84.71","30","69","14"
"318","2025-04-04 02:07:19","84.5","30","69","15"
"319","2025-04-04 02:24:06","86.2","30","70","11"
"320","2025-04-04 02:29:06","85.56","30","69","11"
"321","2025-04-04 02:34:07","85.91","30","70","11"
"322","2025-04-04 07:12:48","202.46","28","77","26"
"323","2025-04-04 07:30:03","332.75","30","68","17"
"324","2025-04-04 07:35:04","374.62","30","70","18"
"325","2025-04-04 07:40:04","467.37","30","72","19"
"326","2025-04-04 07:45:04","536.08","30","71","20"
"327","2025-04-04 07:50:05","587.54","30","69","20"
"328","2025-04-04 07:55:05","603.63","30","68","21"
"329","2025-04-04 08:00:05","658.96","30","68","21"
"330","2025-04-04 08:05:05","677.12","30","68","21"
"331","2025-04-04 08:25:38","727.5","30","68","18"
"332","2025-04-04 08:30:38","798.08","30","68","18"
"333","2025-04-04 08:35:39","796.43","31","69","18"
"334","2025-04-04 08:40:39","822.08","31","69","20"
"335","2025-04-04 08:45:39","875.16","31","69","20"
"336","2025-04-04 08:50:39","857.29","31","68","19"
"337","2025-04-04 08:55:40","842.07","31","69","19"
"338","2025-04-04 09:00:40","859.24","31","68","18"
"339","2025-04-04 09:05:40","877.19","31","68","18"
"340","2025-04-04 09:10:40","891.74","31","68","18"
"341","2025-04-04 09:30:17","981.1","32","67","12"
"342","2025-04-04 09:35:17","895.99","32","66","11"
"343","2025-04-04 09:40:17","883.36","32","66","11"
"344","2025-04-04 09:45:18","857.29","32","66","13"
"345","2025-04-04 09:50:18","869.11","32","65","13"
"346","2025-04-04 09:55:18","965.68","32","65","13"
"347","2025-04-04 10:05:19","1117.2","32","64","13"
"348","2025-04-04 10:10:19","1106.8","32","64","13"
"349","2025-04-04 10:29:02","1164.94","33","64","17"
"350","2025-04-04 10:34:02","1275.99","33","63","17"
"351","2025-04-04 16:21:52","104.05","32","64","24"
"352","2025-04-04 16:26:52","109.02","32","64","24"
"353","2025-04-04 16:31:52","110.87","32","63","26"
"354","2025-04-04 16:36:52","110.87","33","64","26"
"355","2025-04-04 16:41:53","111.68","33","64","26"
"356","2025-04-04 16:46:53","111.68","33","63","26"
"357","2025-04-04 16:51:53","111.76","33","63","27"
"358","2025-04-04 16:56:54","107.19","33","63","27"
"359","2025-04-04 17:01:54","108.22","33","63","28"
"360","2025-04-04 17:20:14","106.96","33","64","31"
"361","2025-04-04 17:25:14","106.64","33","64","32"
"362","2025-04-04 17:30:15","105.69","33","64","32"
"363","2025-04-04 17:35:15","105.15","33","65","32"
"364","2025-04-04 17:40:15","103.12","33","65","32"
"365","2025-04-04 17:45:15","101.97","33","65","31"
"366","2025-04-04 17:50:16","99.67","32","64","29"
"367","2025-04-04 18:00:38","97.26","32","65","30"
"368","2025-04-04 18:05:38","94.73","32","66","30"
"369","2025-04-04 18:10:39","93.19","32","66","30"
"370","2025-04-04 18:15:39","92.16","32","65","30"
"371","2025-04-04 18:20:39","91.14","32","66","30"
"372","2025-04-04 18:25:40","90.56","32","67","30"
"373","2025-04-04 18:30:40","90.06","32","67","30"
"374","2025-04-04 18:35:40","99.52","32","67","30"
"375","2025-04-04 18:40:40","98.46","32","66","30"
"376","2025-04-04 18:57:11","98.24","32","67","20"
"377","2025-04-04 19:02:11","98.24","32","67","20"
"378","2025-04-04 19:07:12","98.39","32","68","19"
"379","2025-04-04 19:12:12","98.24","32","68","19"
"380","2025-04-04 19:17:12","98.46","32","69","19"
"381","2025-04-04 19:22:12","97.86","32","69","19"
"382","2025-04-05 00:15:23","90.06","30","73","14"
"383","2025-04-05 00:20:23","85.84","30","72","15"
"384","2025-04-05 00:25:24","85.14","30","71","15"
"385","2025-04-05 00:30:24","85.07","30","71","15"
"386","2025-04-05 00:35:24","84.79","30","71","15"
"387","2025-04-05 00:40:25","84.79","30","71","15"
"388","2025-04-05 00:45:25","84.71","30","72","15"
"389","2025-04-05 00:50:25","84.86","30","72","15"
"390","2025-04-05 00:55:25","85","30","72","15"
"391","2025-04-05 01:09:46","84.86","30","73","9"
"392","2025-04-05 01:14:47","84.64","30","73","9"
"393","2025-04-05 01:19:47","85","30","73","9"
"394","2025-04-05 01:24:47","84.79","30","73","10"
"395","2025-04-05 01:29:47","84.64","30","73","10"
"396","2025-04-05 01:34:48","84.93","30","74","10"
"397","2025-04-05 01:39:48","85","30","74","10"
"398","2025-04-05 01:44:48","84.79","30","74","10"
"399","2025-04-05 01:49:49","84.79","30","74","11"
"400","2025-04-05 02:08:16","84.57","30","74","11"
"401","2025-04-05 02:13:16","84.64","30","74","11"
"402","2025-04-05 02:18:16","84.57","30","74","11"
"403","2025-04-05 02:22:23","86.2","30","74","11"
"404","2025-04-05 02:27:23","86.48","30","74","10"
"405","2025-04-05 02:32:23","85.7","30","74","10"
"406","2025-04-05 02:37:24","85.49","30","74","11"
"407","2025-04-05 02:42:24","85.49","30","74","11"
"408","2025-04-05 02:47:24","85.7","30","74","11"
"409","2025-04-05 02:52:25","85.7","30","74","11"
"410","2025-04-05 02:57:25","85.49","30","74","11"
"411","2025-04-05 03:02:14","92.45","30","74","8"
"412","2025-04-05 03:07:14","92.31","30","75","8"
"413","2025-04-05 08:45:25","922.49","27","86","24"
"414","2025-04-05 08:50:25","859.24","28","85","25"
"415","2025-04-05 08:55:25","891.74","30","76","25"
"416","2025-04-05 09:00:26","811.6","30","74","25"
"417","2025-04-05 09:10:26","751.43","31","75","25"
"418","2025-04-05 09:15:27","804.78","31","74","25"
"419","2025-04-05 09:20:27","748.53","31","74","27"
"420","2025-04-05 09:25:27","711.57","31","73","27"
"421","2025-04-05 09:41:16","898.14","31","71","21"
"422","2025-04-05 09:46:17","913.47","31","72","21"
"423","2025-04-05 09:51:17","931.72","31","71","21"
"424","2025-04-05 09:56:17","751.43","31","71","21"
"425","2025-04-05 10:01:17","820.31","32","70","20"
"426","2025-04-05 10:06:18","829.23","32","70","20"
"427","2025-04-05 10:11:18","902.46","32","70","20"
"428","2025-04-05 10:16:18","983.72","32","69","20"
"429","2025-04-05 10:21:14","160.51","32","69","31"
"430","2025-04-05 10:26:15","164.06","32","69","31"
"431","2025-04-05 10:31:15","174.98","31","67","33"
"432","2025-04-05 10:36:15","130.4","29","62","33"
"433","2025-04-05 10:41:15","125.47","28","57","34"
"434","2025-04-05 10:46:16","137.36","28","54","33"
"435","2025-04-05 10:51:16","122.41","27","51","32"
"436","2025-04-05 10:56:16","169.08","27","50","32"
"437","2025-04-05 11:01:17","173.06","26","50","32"
"438","2025-04-05 11:18:25","162.27","26","49","23"
"439","2025-04-05 11:23:26","164.06","26","49","23"
"440","2025-04-05 11:28:26","145.64","25","48","24"
"441","2025-04-05 11:33:26","163.72","26","48","24"
"442","2025-04-05 11:38:26","159.52","25","47","25"
"443","2025-04-05 11:43:27","123.37","25","47","25"
"444","2025-04-05 11:48:27","165.3","25","47","27"
"445","2025-04-05 11:53:27","126.36","25","47","27"
"446","2025-04-05 11:58:28","122.59","25","47","26"
"447","2025-04-05 12:15:15","152.27","25","48","22"
"448","2025-04-05 12:20:15","122.41","25","45","21"
"449","2025-04-05 12:25:15","130.03","25","48","21"
"450","2025-04-05 12:30:16","130.49","25","48","21"
"451","2025-04-05 12:35:16","123.98","25","47","22"
"452","2025-04-05 12:40:16","128.5","25","46","22"
"453","2025-04-05 12:45:16","125.74","25","46","22"
"454","2025-04-05 12:50:17","160.51","25","45","22"
"455","2025-04-05 12:55:17","154.05","25","45","23"
"456","2025-04-05 13:13:00","451.37","28","51","26"
"457","2025-04-05 13:18:00","503.52","29","49","27"
"458","2025-04-05 13:23:01","978.49","31","51","26"
"459","2025-04-05 13:28:01","550.15","32","57","27"
"460","2025-04-05 13:33:01","948.36","32","58","27"
"461","2025-04-05 13:38:01","904.64","32","60","27"
"462","2025-04-05 13:43:02","917.95","32","61","27"
"463","2025-04-05 13:48:02","895.99","32","63","27"
"464","2025-04-05 13:53:02","703.87","32","62","27"
"465","2025-04-05 14:08:10","161.61","29","60","29"
"466","2025-04-05 14:13:10","163.16","29","60","28"
"467","2025-04-05 14:23:10","159.41","28","52","30"
"468","2025-04-05 14:28:11","156.6","27","49","29"
"469","2025-04-05 14:33:11","157.03","27","48","29"
"470","2025-04-05 14:38:11","154.37","27","47","29"
"471","2025-04-05 14:43:12","124.07","26","47","30"
"472","2025-04-05 14:48:12","150.92","26","46","30"
"473","2025-04-05 14:53:17","127.96","26","46","33"
"474","2025-04-05 14:58:17","145.34","26","47","33"
"475","2025-04-05 15:03:18","124.59","26","46","32"
"476","2025-04-05 15:20:08","137.27","25","45","20"
"477","2025-04-05 15:25:08","136.32","25","43","20"
"478","2025-04-05 15:30:08","134.08","25","46","20"
"479","2025-04-05 15:35:08","134.54","25","45","20"
"480","2025-04-05 15:40:09","131.13","25","45","21"
"481","2025-04-05 15:45:09","115.54","25","45","22"
"482","2025-04-05 15:50:09","132.23","25","44","21"
"483","2025-04-05 15:55:10","132.41","25","44","21"
"484","2025-04-05 16:00:10","131.22","25","44","22"
"485","2025-04-05 16:17:23","124.86","25","44","21"
"486","2025-04-05 16:22:23","129.31","25","44","20"
"487","2025-04-05 16:27:23","128.77","25","43","19"
"488","2025-04-05 16:32:23","125.3","25","44","20"
"489","2025-04-05 16:37:24","126.27","25","44","20"
"490","2025-04-05 16:42:24","125.38","25","44","20"
"491","2025-04-05 16:47:24","123.28","25","43","20"
"492","2025-04-05 16:52:25","122.41","25","44","20"
"493","2025-04-05 16:57:25","121.9","25","44","21"
"494","2025-04-05 17:19:04","115.96","24","44","22"
"495","2025-04-05 17:24:04","114.63","25","44","22"
"496","2025-04-05 17:29:18","179.61","29","75","31"
"497","2025-04-05 17:34:18","157.79","30","69","30"
"498","2025-04-05 17:39:19","148.46","34","57","29"
"499","2025-04-05 17:44:19","140.14","35","54","29"
"500","2025-04-05 17:49:19","131.4","35","53","26"
"501","2025-04-05 17:54:19","120.18","35","53","26"
"502","2025-04-05 17:59:20","113.4","35","53","25"
"503","2025-04-05 18:04:20","105.69","35","53","25"
"504","2025-04-05 18:09:20","100.51","35","53","25"
"505","2025-04-05 18:24:59","88.26","34","54","20"
"506","2025-04-05 18:29:59","86.27","34","55","20"
"507","2025-04-05 18:34:59","86.76","34","56","20"
"508","2025-04-05 18:39:59","85.28","34","55","21"
"509","2025-04-05 18:45:00","84.71","34","56","21"
"510","2025-04-05 18:50:00","84.71","34","56","21"
"511","2025-04-05 18:55:00","85","34","57","21"
"512","2025-04-05 19:00:01","85.63","34","57","21"
"513","2025-04-05 19:05:01","85.56","34","57","20"
"514","2025-04-05 19:24:59","84.71","34","58","17"
"515","2025-04-05 19:29:59","85","34","57","17"
"516","2025-04-05 19:34:59","84.57","33","58","17"
"517","2025-04-05 19:45:00","85","33","59","16"
"518","2025-04-05 19:50:00","84.79","33","59","17"
"519","2025-04-05 19:55:00","84.79","33","60","17"
"520","2025-04-05 20:05:01","84.79","33","60","17"
"521","2025-04-05 20:25:44","85.07","33","60","17"
"522","2025-04-05 20:30:44","84.79","33","61","17"
"523","2025-04-05 20:35:44","85.77","33","62","17"
"524","2025-04-05 20:40:45","84.79","33","63","16"
"525","2025-04-05 20:45:45","84.71","33","63","16"
"526","2025-04-05 20:50:45","85","33","63","17"
"527","2025-04-05 20:55:46","85","33","64","17"
"528","2025-04-05 21:00:46","84.71","33","64","17"
"529","2025-04-05 21:05:46","84.71","33","64","17"
"530","2025-04-05 21:25:18","85.56","33","65","19"
"531","2025-04-05 21:30:18","84.71","32","65","19"
"532","2025-04-05 21:35:18","84.79","32","65","18"
"533","2025-04-05 21:40:18","84.64","32","66","18"
"534","2025-04-05 21:45:19","84.79","32","66","16"
"535","2025-04-05 21:50:19","85","32","66","16"
"536","2025-04-05 21:55:19","84.71","32","65","17"
"537","2025-04-05 22:00:19","84.71","32","65","17"
"538","2025-04-05 22:05:20","84.71","32","66","16"
"539","2025-04-05 22:19:41","85.49","32","66","19"
"540","2025-04-05 22:24:41","85.49","32","66","19"
"541","2025-04-05 22:29:41","85.42","32","66","19"
"542","2025-04-05 22:34:42","85.49","32","65","19"
"543","2025-04-05 22:39:42","85.56","32","66","19"
"544","2025-04-05 22:44:42","85.49","32","64","19"
"545","2025-04-05 22:49:43","85.49","32","65","19"
"546","2025-04-05 22:54:43","85.77","32","65","18"
"547","2025-04-05 23:09:57","85.49","32","65","18"
"548","2025-04-05 23:14:57","85.63","32","66","18"
"549","2025-04-05 23:19:58","85.42","32","66","18"
"550","2025-04-05 23:24:58","85.42","31","67","18"
"551","2025-04-05 23:29:58","85.63","31","66","17"
"552","2025-04-06 10:44:12","664.52","29","77","27"
"553","2025-04-06 10:49:11","442.27","29","75","27"
"554","2025-04-06 10:54:11","333.65","32","67","28"
"555","2025-04-06 10:59:11","514.59","32","67","30"
"556","2025-04-06 11:04:12","357.77","32","65","30"
"557","2025-04-06 11:09:12","1048.72","32","64","30"
"558","2025-04-06 11:14:12","920.22","31","62","31"
"559","2025-04-06 11:19:13","1002.53","30","58","30"
"560","2025-04-06 11:24:13","1226.17","30","70","31"
"561","2025-04-06 11:37:50","1230.51","23","53","19"
"562","2025-04-06 11:42:50","1213.34","23","50","18"
"563","2025-04-06 11:47:51","1204.96","23","50","16"
"564","2025-04-06 11:52:51","1200.81","22","50","16"
"565","2025-04-06 11:57:51","1184.56","22","49","16"
"566","2025-04-06 12:02:51","1192.62","22","48","15"
"567","2025-04-06 12:07:52","1217.58","22","47","15"
"568","2025-04-06 12:12:52","1209.13","22","48","14"
"569","2025-04-06 12:17:52","1204.96","22","49","14"
"570","2025-04-06 12:23:01","1204.96","22","49","15"
"571","2025-04-06 12:28:01","1221.86","22","49","15"
"572","2025-04-06 12:33:01","1217.58","21","47","15"
"573","2025-04-06 12:49:40","1295.27","22","49","19"
"574","2025-04-06 12:54:40","1153.51","21","46","19"
"575","2025-04-06 12:59:40","1168.8","24","42","18"
"576","2025-04-06 13:04:41","1164.94","26","41","18"
"577","2025-04-06 13:09:41","1180.58","28","41","17"
"578","2025-04-06 13:14:41","1153.51","29","39","17"
"579","2025-04-06 13:19:41","1209.13","30","39","17"
"580","2025-04-06 13:24:42","136.32","31","40","17"
"581","2025-04-06 13:29:42","173.66","31","56","16"
"582","2025-04-06 13:50:16","158.87","31","59","24"
"583","2025-04-06 13:55:16","157.03","31","61","26"
"584","2025-04-06 14:00:16","156.6","31","61","26"
"585","2025-04-06 14:10:17","164.51","31","62","26"
"586","2025-04-06 14:15:17","166.09","32","62","26"
"587","2025-04-06 14:20:17","162.05","32","62","26"
"588","2025-04-06 14:25:18","163.16","32","62","27"
"589","2025-04-06 14:30:18","160.73","32","62","27"
"590","2025-04-06 14:37:26","153.32","32","63","30"
"591","2025-04-06 14:42:27","152.17","32","62","30"
"592","2025-04-06 14:47:27","150","32","63","31"
"593","2025-04-06 14:53:00","145.64","32","63","28"
"594","2025-04-06 14:58:00","133.7","32","63","28"
"595","2025-04-06 15:03:01","146.34","32","63","28"
"596","2025-04-06 15:08:01","129.76","30","59","27"
"597","2025-04-06 15:13:01","118.22","29","55","27"
"598","2025-04-06 15:18:02","114.14","29","52","28"
"599","2025-04-06 15:23:02","132.59","28","50","27"
"600","2025-04-06 15:28:02","123.11","28","48","29"
"601","2025-04-06 15:33:02","125.56","27","47","29"
"602","2025-04-06 15:58:21","117.38","26","49","23"
"603","2025-04-06 16:03:22","114.47","26","49","23"
"604","2025-04-06 16:08:22","115.63","26","49","23"
"605","2025-04-06 16:13:22","113.15","26","47","23"
"606","2025-04-06 16:18:23","112.99","26","47","24"
"607","2025-04-06 16:23:23","110.87","26","46","24"
"608","2025-04-06 17:04:47","152.06","33","62","34"
"609","2025-04-06 17:09:48","268.92","34","61","34"
"610","2025-04-06 17:14:48","219.28","36","50","34"
"611","2025-04-06 17:19:48","187.22","36","47","34"
"612","2025-04-06 17:24:48","178.01","37","47","34"
"613","2025-04-06 17:29:49","168.84","37","47","33"
"614","2025-04-06 17:34:49","163.5","37","46","33"
"615","2025-04-06 17:39:49","174.62","37","46","32"
"616","2025-04-06 17:44:50","158.65","37","47","31"
"617","2025-04-06 18:02:32","114.96","37","48","24"
"618","2025-04-06 18:07:32","106.56","36","46","25"
"619","2025-04-06 18:12:32","100.74","36","49","24"
"620","2025-04-06 18:17:32","95.25","36","50","24"
"621","2025-04-06 18:22:33","91.58","36","49","24"
"622","2025-04-06 18:27:33","87.55","36","49","24"
"623","2025-04-06 18:32:33","86.41","36","50","24"
"624","2025-04-06 18:37:33","85.49","36","49","24"
"625","2025-04-06 18:42:34","85.07","36","49","25"
"626","2025-04-06 18:47:41","85.49","36","50","24"
"627","2025-04-06 18:59:14","85.07","35","50","21"
"628","2025-04-06 19:04:14","84.71","35","50","20"
"629","2025-04-06 19:09:15","84.64","35","50","20"
"630","2025-04-06 19:14:15","85.77","35","51","19"
"631","2025-04-06 19:19:15","84.71","35","50","19"
"632","2025-04-06 19:24:15","84.79","35","47","19"
"633","2025-04-06 19:29:16","84.86","35","52","19"
"634","2025-04-06 19:39:16","84.64","35","53","20"
"635","2025-04-06 20:00:13","84.71","34","54","24"
"636","2025-04-06 20:05:14","84.71","34","54","25"
"637","2025-04-06 20:10:14","84.71","34","54","25"
"638","2025-04-06 20:15:14","84.57","34","53","26"
"639","2025-04-06 20:20:14","84.86","34","53","26"
"640","2025-04-06 20:25:15","85","34","54","25"
"641","2025-04-06 20:30:15","84.71","34","54","25"
"642","2025-04-06 20:35:15","84.79","34","54","25"
"643","2025-04-06 20:40:16","85.63","34","55","25"
"644","2025-04-06 21:01:46","84.64","34","56","25"
"645","2025-04-06 21:06:46","84.86","34","56","25"
"646","2025-04-06 21:11:46","84.57","34","57","25"
"647","2025-04-06 21:16:47","94.66","34","57","25"
"648","2025-04-06 21:21:47","84.79","34","58","24"
"649","2025-04-06 21:26:47","85.49","34","57","24"
"650","2025-04-06 21:31:47","85.49","34","57","24"
"651","2025-04-06 21:36:48","85.42","34","57","24"
"652","2025-04-06 21:41:48","85.42","34","56","24"
"653","2025-04-06 22:02:59","85.35","33","56","25"
"654","2025-04-06 22:07:59","85.49","33","54","26"
"655","2025-04-06 22:13:00","85.35","33","53","25"
"656","2025-04-06 22:18:00","86.55","33","54","25"
"657","2025-04-06 22:23:00","85.49","33","56","24"
"658","2025-04-06 22:28:00","85.49","33","56","24"
"659","2025-04-06 22:33:01","85.49","33","56","25"
"660","2025-04-06 22:38:01","85.42","33","56","25"
"661","2025-04-06 22:43:01","84.71","33","57","23"
"662","2025-04-06 22:52:20","94.88","33","58","22"
"663","2025-04-06 22:57:21","85.63","33","59","22"
"664","2025-04-07 15:48:10","120.69","31","72","41"
"665","2025-04-07 15:53:10","754.36","32","70","41"
"666","2025-04-07 15:58:10","783.44","34","61","41"
"667","2025-04-07 16:03:11","751.43","34","59","41"
"668","2025-04-07 16:08:11","744.22","35","58","41"
"669","2025-04-07 16:13:11","927.08","35","58","41"
"670","2025-04-07 16:18:12","855.36","35","57","40"
"671","2025-04-07 16:23:12","840.21","35","56","42"
"672","2025-04-07 16:28:12","281.17","35","56","41"
"673","2025-04-07 16:48:19","201.18","35","55","38"
"674","2025-04-07 16:53:19","562.6","35","56","38"
"675","2025-04-07 16:58:19","442.27","35","56","38"
"676","2025-04-07 17:03:19","212.92","35","56","37"
"677","2025-04-07 17:08:20","198.24","35","56","37"
"678","2025-04-07 17:13:20","182.74","35","56","37"
"679","2025-04-07 17:23:21","186.57","34","56","38"
"680","2025-04-07 17:28:21","186.31","34","57","36"
"681","2025-04-07 17:53:42","121.46","34","56","34"
"682","2025-04-07 17:58:42","110.87","34","57","34"
"683","2025-04-07 18:03:43","103.74","34","57","35"
"684","2025-04-07 18:08:43","95.47","34","57","35"
"685","2025-04-07 18:13:43","90.92","34","57","35"
"686","2025-04-07 18:18:43","89.41","34","58","35"
"687","2025-04-07 18:23:44","88.55","34","53","35"
"688","2025-04-07 18:28:44","87.55","34","54","35"
"689","2025-04-07 18:33:44","85.98","34","56","35"
"690","2025-04-07 18:57:23","85.63","34","55","29"
"691","2025-04-07 19:02:23","84.64","34","57","29"
"692","2025-04-07 19:07:24","84.71","34","58","29"
"693","2025-04-07 19:12:24","84.57","34","58","30"
"694","2025-04-07 19:17:24","84.79","34","59","29"
"695","2025-04-07 19:22:24","84.71","33","59","29"
"696","2025-04-07 19:27:25","85.14","33","60","29"
"697","2025-04-07 19:32:25","84.86","33","59","28"
"698","2025-04-07 19:37:25","84.79","33","61","28"
"699","2025-04-07 20:00:13","84.64","33","64","30"
"700","2025-04-07 20:05:13","84.79","33","66","30"
"701","2025-04-07 20:10:13","85","33","65","30"
"702","2025-04-07 20:20:14","84.86","33","65","28"
"703","2025-04-07 20:25:14","84.86","33","65","29"
"704","2025-04-07 20:30:15","84.79","33","65","30"
"705","2025-04-07 20:35:15","84.86","33","65","30"
"706","2025-04-07 20:40:15","84.57","33","65","30"
"707","2025-04-07 21:02:36","84.71","33","65","28"
"708","2025-04-07 21:07:37","84.5","33","65","27"
"709","2025-04-07 21:12:37","84.79","33","66","27"
"710","2025-04-07 21:17:37","85.49","33","66","28"
"711","2025-04-07 21:27:38","85.98","33","66","28"
"719","2025-04-09 04:29:51","93.85","29","61","13"
"720","2025-04-09 04:34:51","88.4","29","61","13"
"721","2025-04-09 04:39:52","92.89","30","75","13"
"722","2025-04-09 04:44:52","82.62","30","75","13"
"723","2025-04-09 04:49:52","82.55","31","75","13"
"724","2025-04-09 04:54:53","82.62","31","75","13"
"725","2025-04-09 04:59:53","82.82","31","74","13"
"726","2025-04-09 05:04:53","82.76","31","74","13"
"727","2025-04-09 05:09:53","82.76","31","74","13"
"728","2025-04-09 05:30:15","82.62","31","73","32"
"729","2025-04-09 05:35:15","82.62","31","73","31"
"730","2025-04-09 05:40:16","82.82","32","73","32"
"731","2025-04-09 05:45:16","82.55","32","73","32"
"732","2025-04-09 05:50:16","82.48","31","74","32"
"733","2025-04-09 05:55:16","82.55","31","74","33"
"734","2025-04-09 06:00:17","82.96","31","74","32"
"735","2025-04-09 06:05:17","82.76","31","74","32"
"736","2025-04-09 06:10:17","82.34","31","74","32"
"737","2025-04-09 06:34:30","83.38","31","74","33"
"738","2025-04-09 06:39:30","83.24","31","75","32"
"739","2025-04-09 06:44:31","83.59","31","75","32"
"740","2025-04-09 06:49:31","83.94","31","75","32"
"741","2025-04-09 06:54:31","84.43","31","75","33"
"742","2025-04-09 06:59:32","85.14","31","75","32"
"743","2025-04-09 07:04:32","85.42","31","76","32"
"744","2025-04-09 07:09:32","85.7","31","76","32"
"745","2025-04-09 07:14:32","85.63","31","76","32"
"746","2025-04-09 07:39:48","86.48","31","76","38"
"747","2025-04-09 07:44:48","86.76","31","77","36"
"748","2025-04-09 07:49:48","87.26","31","77","36"
"749","2025-04-09 07:54:48","87.62","31","76","36"
"750","2025-04-09 07:59:49","87.55","31","76","36"
"751","2025-04-09 08:04:49","87.83","31","76","36"
"752","2025-04-09 08:09:49","87.83","31","76","36"
"753","2025-04-09 08:14:50","88.4","31","76","35"
"754","2025-04-09 08:19:50","88.05","31","75","35"
"755","2025-04-09 08:44:44","89.62","31","75","31"
"756","2025-04-09 08:49:44","89.55","31","73","30"
"757","2025-04-09 08:54:44","87.33","31","73","30"
"758","2025-04-09 08:59:45","89.77","31","73","30"
"759","2025-04-09 09:04:45","87.62","31","73","30"
"760","2025-04-09 09:09:45","86.98","31","73","30"
"761","2025-04-09 09:14:46","90.27","31","72","30"
"762","2025-04-09 09:19:46","90.27","31","72","28"
"763","2025-04-09 09:24:46","91.07","31","72","28"
"764","2025-04-09 09:48:30","91.87","31","71","29"
"765","2025-04-09 09:53:30","91.8","31","70","30"
"766","2025-04-09 09:58:30","91.72","31","70","30"
"767","2025-04-09 10:03:31","87.76","31","70","30"
"768","2025-04-09 10:08:31","92.53","32","70","30"
"769","2025-04-09 10:13:31","92.38","32","70","30"
"770","2025-04-09 10:18:31","93.77","32","69","30"
"771","2025-04-09 10:23:32","92.38","32","69","30"
"772","2025-04-09 10:28:32","93.63","32","69","30"
"773","2025-04-09 10:54:33","96.14","32","68","35"
"774","2025-04-09 10:59:33","97.56","32","67","36"
"775","2025-04-09 11:04:33","97.49","32","67","35"
"776","2025-04-09 11:09:33","99.52","32","68","35"
"777","2025-04-09 11:14:34","90.56","32","67","35"
"778","2025-04-09 11:19:34","98.99","32","67","34"
"779","2025-04-09 11:24:34","89.05","32","67","35"
"780","2025-04-09 11:29:34","88.4","32","68","35"
"781","2025-04-09 11:34:35","94.95","32","66","35"
"782","2025-04-09 12:00:59","99.52","32","67","36"
"783","2025-04-09 12:05:59","88.91","32","67","35"
"784","2025-04-09 12:11:00","89.05","32","67","35"
"785","2025-04-09 12:16:00","99.45","32","66","35"
"786","2025-04-09 12:21:00","97.49","32","65","34"
"787","2025-04-09 12:26:01","95.77","32","64","34"
"788","2025-04-09 12:31:01","94.29","32","64","33"
"789","2025-04-09 12:36:01","100.44","32","65","35"
"790","2025-04-09 12:41:01","98.99","32","64","35"
"791","2025-04-09 13:06:49","98.31","32","64","36"
"792","2025-04-09 13:11:49","97.79","33","66","36"
"793","2025-04-09 13:16:49","98.31","33","63","35"
"794","2025-04-09 13:21:50","98.31","33","64","35"
"795","2025-04-09 13:26:50","98.09","33","64","35"
"796","2025-04-09 13:31:50","98.09","33","64","35"
"797","2025-04-09 13:36:50","97.11","33","63","35"
"798","2025-04-09 13:41:51","95.25","33","64","35"
"799","2025-04-09 13:46:51","97.41","33","64","35"
"800","2025-04-09 14:12:00","94.73","33","63","32"
"801","2025-04-09 14:17:01","94.58","33","64","33"
"802","2025-04-09 14:22:01","94.07","33","64","33"
"803","2025-04-09 14:27:01","93.99","33","64","33"
"804","2025-04-09 14:32:01","93.63","33","64","33"
"805","2025-04-09 14:37:02","93.77","33","64","34"
"806","2025-04-09 14:42:02","93.77","33","64","34"
"807","2025-04-09 14:47:02","93.26","33","63","33"
"808","2025-04-09 14:52:03","114.8","33","63","33"
"809","2025-04-09 14:57:07","110.87","33","63","34"
"810","2025-04-09 15:02:07","106.72","33","63","34"
"811","2025-04-09 15:07:07","92.6","33","63","33"
"812","2025-04-09 15:18:57","92.38","33","63","34"
"813","2025-04-09 15:23:57","92.02","33","63","34"
"814","2025-04-09 15:28:57","91.94","33","64","34"
"815","2025-04-09 15:33:57","92.02","33","63","34"
"816","2025-04-09 15:38:58","91.87","33","62","35"
"817","2025-04-09 15:43:58","91.72","33","62","35"
"818","2025-04-09 15:48:58","91.65","33","62","35"
"819","2025-04-09 15:53:59","91.87","33","60","36"
"820","2025-04-09 15:58:59","91","33","61","35"
"821","2025-04-09 16:09:11","91.29","33","61","34"
"822","2025-04-09 16:14:11","91.36","33","61","35"
"823","2025-04-09 16:19:11","91.14","33","61","33"
"824","2025-04-09 16:24:11","91.29","33","61","33"
"825","2025-04-09 16:29:12","91.22","33","62","33"
"826","2025-04-09 16:34:12","91.14","33","62","33"
"827","2025-04-09 16:39:12","91.07","33","62","34"
"828","2025-04-09 16:44:13","91","33","62","35"
"829","2025-04-09 16:49:13","91.14","33","62","36"
"830","2025-04-09 17:14:12","88.98","33","60","35"
"831","2025-04-09 17:19:12","88.98","33","58","35"
"832","2025-04-09 17:24:13","87.26","33","60","35"
"833","2025-04-09 17:29:13","87.26","33","60","34"
"834","2025-04-09 17:34:13","86.76","33","60","34"
"835","2025-04-09 17:39:13","85.07","33","60","34"
"836","2025-04-09 17:44:14","87.05","33","60","35"
